No,_key,title,plays,duration,release_date,cover_url
1,1988 ki akoma s'agapo|323,1988 Ki Akoma S'Agapo,17724.0,5:23,1988-06-28,https://i.scdn.co/image/ab67616d00001e0235ea6e4b84aab9e468c0b007
2,a beautiful night|181,A Beautiful Night,6670.0,3:01,2006-04-27,https://i.scdn.co/image/ab67616d00001e025f53fb746df6aa43779c809e
3,aaa aaa (ke horisame)|181,Aaa Aaa (Ke Horisame),157555.0,3:01,2000-11-16,https://i.scdn.co/image/ab67616d00001e022f038cc4ad078bf55ed8c2a5
4,adika|250,Adika,35462.0,4:10,1991-02-14,https://i.scdn.co/image/ab67616d00001e0294e085b2ede4f62a20f60820
5,adikos o horismos mas|193,Adikos O Horismos Mas,4918.0,3:13,1982-12-17,https://i.scdn.co/image/ab67616d00001e02d88d7bedbfbd881b07f3f89f
6,adistrofi metrisi - live|132,Adistrofi Metrisi - Live,20941.0,2:12,1993-12-17,https://i.scdn.co/image/ab67616d00001e0212e44acc3e380f6fa9cd0446
7,adistrofi metrisi|240,Adistrofi Metrisi,1260109.0,4:00,1984-03-14,https://i.scdn.co/image/ab67616d0000b2739af901b9d9530c01a829a585
8,afixi sto aousvits - instrumental|102,Afixi Sto Aousvits - Instrumental,1939.0,1:42,2002-04-26,https://i.scdn.co/image/ab67616d00001e02b8576e13c95219ae8e9a0a18
9,afou|287,Afou,66749.0,4:47,2017-11-07,https://i.scdn.co/image/ab67616d00001e0266d4ff48ff0e9581568369a1
10,after you|297,After You,6847.0,4:57,2000-06-13,https://i.scdn.co/image/ab67616d00001e0255c69d02a37edefde7c5a8ce
11,afti ti fora - live|360,Afti Ti Fora - Live,17064.0,5:60,2025-12-23,https://i.scdn.co/image/ab67616d00001e0291e1a94d45bd2cc1a0e8e518
12,afti ti fora|376,Afti Ti Fora,353015.0,6:16,2000-11-16,https://i.scdn.co/image/ab67616d00001e022f038cc4ad078bf55ed8c2a5
13,aftos pou perimeno - anna's dream mix|264,Aftos Pou Perimeno - Anna's Dream Mix,32564.0,4:24,1997-11-07,https://i.scdn.co/image/ab67616d00001e0235c3c159825c6c895d064586
14,aftos pou perimeno - disco in the house mix|147,Aftos Pou Perimeno - Disco In The House Mix,32062.0,2:27,1997-11-07,https://i.scdn.co/image/ab67616d00001e0235c3c159825c6c895d064586
15,aftos pou perimeno - live version|29,Aftos Pou Perimeno - Live Version,1033.0,0:29,1984-03-14,https://i.scdn.co/image/ab67616d00001e021f1ac446c500bab767932f58
16,aftos pou perimeno|149,Aftos Pou Perimeno,773111.0,2:29,1993-06-01,https://i.scdn.co/image/ab67616d00001e020b0cc51415d4ad57f6c6c9d6
17,aftoshediasmos - live version|177,Aftoshediasmos - Live Version,41691.0,2:57,2005-01-27,https://i.scdn.co/image/ab67616d00001e021f1ac446c500bab767932f58
18,agapa me (abrazame) - live version|90,Agapa Me (Abrazame) - Live Version,77333.0,1:30,2005-01-27,https://i.scdn.co/image/ab67616d00001e021f1ac446c500bab767932f58
19,agapa me|138,Agapa Me,28663.0,2:18,1985-01-10,https://i.scdn.co/image/ab67616d00001e025f20f2f63fe64bfe775da003
20,agapes|173,Agapes,6581.0,2:53,1982-12-17,https://i.scdn.co/image/ab67616d00001e02d88d7bedbfbd881b07f3f89f
21,agapi einai esy - hotel ermou live version|37,Agapi Einai Esy - Hotel Ermou Live Version,680152.0,0:37,2018-07-23,https://i.scdn.co/image/ab67616d00001e0258a2973daf4f31ec68e53ce9
22,agapi ine esi|251,Agapi Ine Esi,802497.0,4:11,2010-11-01,https://i.scdn.co/image/ab67616d00001e024ac13d5da9b353fd4e6ab919
23,agapi ine|248,Agapi Ine,529430.0,4:08,2005-09-26,https://i.scdn.co/image/ab67616d00001e027378ccb9d3a30519e6335e07
24,agapi ipervoliki (outro) - live|104,Agapi Ipervoliki (Outro) - Live,7494.0,1:44,2025-12-23,https://i.scdn.co/image/ab67616d00001e0291e1a94d45bd2cc1a0e8e518
25,agapi ipervoliki - live version|357,Agapi Ipervoliki - Live Version,137985.0,5:57,2005-01-27,https://i.scdn.co/image/ab67616d00001e021f1ac446c500bab767932f58
26,agapi ipervoliki|290,Agapi Ipervoliki,4295617.0,4:50,2000-11-16,https://i.scdn.co/image/ab67616d00001e022f038cc4ad078bf55ed8c2a5
27,agapi ke misos|278,Agapi Ke Misos,12732.0,4:38,1986-04-22,https://i.scdn.co/image/ab67616d00001e0265c697e7b6b91a77ace8b7b2
28,agapi mou - remastered|177,Agapi Mou - Remastered,8028.0,2:57,2006-03-30,https://i.scdn.co/image/ab67616d00001e02ef7a44a6675dfe98f00922c9
29,agapi ypervoliki - 2023 version|203,Agapi Ypervoliki - 2023 Version,672334.0,3:23,2022-12-23,https://i.scdn.co/image/ab67616d00001e0235075122c25f7c290f1a676c
30,agapi ypervoliki - hotel ermou live version|95,Agapi Ypervoliki - Hotel Ermou Live Version,1008932.0,1:35,2018-07-23,https://i.scdn.co/image/ab67616d00001e0258a2973daf4f31ec68e53ce9
31,agapi ypervoliki - live|288,Agapi Ypervoliki - Live,28860.0,4:48,2025-12-23,https://i.scdn.co/image/ab67616d00001e0291e1a94d45bd2cc1a0e8e518
32,agapisa ton pou karkias|226,Agapisa Ton Pou Karkias,12693.0,3:46,1995-07-24,https://i.scdn.co/image/ab67616d00001e024d55039ddd94bdc5884066c7
33,agapise me|165,Agapise Me,21602.0,2:45,1980-04-01,https://i.scdn.co/image/ab67616d00001e020b0cc51415d4ad57f6c6c9d6
34,agapoula mou - hotel ermou live version|127,Agapoula Mou - Hotel Ermou Live Version,179195.0,2:07,2018-07-23,https://i.scdn.co/image/ab67616d00001e0258a2973daf4f31ec68e53ce9
35,agapoula mou|208,Agapoula Mou,655578.0,3:28,2000-11-16,https://i.scdn.co/image/ab67616d00001e022f038cc4ad078bf55ed8c2a5
36,agoni grammi|254,Agoni Grammi,35164.0,4:14,1996-02-29,https://i.scdn.co/image/ab67616d00001e022abb79908fe729496b83a191
37,ah den m' agapas|192,Ah Den M' Agapas,5836.0,3:12,1982-12-17,https://i.scdn.co/image/ab67616d00001e02d88d7bedbfbd881b07f3f89f
38,ahoristoi - give in to me|197,Ahoristoi - Give In to Me,49460.0,3:17,2015-11-30,https://i.scdn.co/image/ab67616d00001e02b0f3e9716968614adad15b00
39,aima - antonis dimitriadis remix|180,Aima - Antonis Dimitriadis Remix,125812.0,2:60,2022-07-18,https://i.scdn.co/image/ab67616d00001e02891096483ec406d440b2b9ae
40,aima - extended mix|234,Aima - Extended Mix,19165.0,3:54,2022-07-25,https://i.scdn.co/image/ab67616d00001e021366eb3439e7e5a7dc43fed6
41,aima - extended mix|376,Aima - Extended Mix,11553.0,6:16,2022-07-25,https://i.scdn.co/image/ab67616d00001e021c5a73fce8260da1c5f19366
42,aima - live|212,Aima - Live,17597.0,3:32,2025-12-23,https://i.scdn.co/image/ab67616d00001e0291e1a94d45bd2cc1a0e8e518
43,aima - radio edit|202,Aima - Radio Edit,20832.0,3:22,2022-07-25,https://i.scdn.co/image/ab67616d00001e021366eb3439e7e5a7dc43fed6
44,aima - radio edit|225,Aima - Radio Edit,17213.0,3:45,2022-07-25,https://i.scdn.co/image/ab67616d00001e021c5a73fce8260da1c5f19366
45,aima|209,Aima,9125518.0,3:29,2022-05-30,https://i.scdn.co/image/ab67616d00001e02dafcec9ea3e0a082230a81f2
46,aipnies|257,Aipnies,29119.0,4:17,2002-10-10,https://i.scdn.co/image/ab67616d00001e02b6abec5528a11ae2450385c1
47,akoma mia - hotel ermou live version|109,Akoma Mia - Hotel Ermou Live Version,140357.0,1:49,2018-07-23,https://i.scdn.co/image/ab67616d00001e0258a2973daf4f31ec68e53ce9
48,akoma mia - live|197,Akoma Mia - Live,19126.0,3:17,1993-12-17,https://i.scdn.co/image/ab67616d00001e0212e44acc3e380f6fa9cd0446
49,akoma mia|291,Akoma Mia,202569.0,4:51,1992-12-24,https://i.scdn.co/image/ab67616d00001e02ec8882aba54284ba0cf8e1fd
50,akomi ena vradi edo|223,Akomi Ena Vradi Edo,3382.0,3:43,2002-04-26,https://i.scdn.co/image/ab67616d00001e02b8576e13c95219ae8e9a0a18
51,alimono alimono - mixed|48,Alimono Alimono - Mixed,7099.0,0:48,2005-11-09,https://i.scdn.co/image/ab67616d0000b27358a45a966c0c09b8b5371b8d
52,alitissa psihi|271,Alitissa Psihi,422068.0,4:31,2008-12-09,https://i.scdn.co/image/ab67616d00001e0293ae850db2b4228fe4977dab
53,allimono allimono - live version|55,Allimono Allimono - Live Version,53567.0,0:55,2005-01-27,https://i.scdn.co/image/ab67616d00001e021f1ac446c500bab767932f58
54,ama thes na klapsis klapse - live version|78,Ama Thes Na Klapsis Klapse - Live Version,57325.0,1:18,2005-01-27,https://i.scdn.co/image/ab67616d00001e021f1ac446c500bab767932f58
55,amin|265,Amin,31657.0,4:25,1995-09-18,https://i.scdn.co/image/ab67616d00001e029b1659f5770ea89cfad1f157
56,amore|156,Amore,12082.0,2:36,1989-03-24,https://i.scdn.co/image/ab67616d00001e02feb9079b2827195dbd9c7994
57,an s' erotefto|209,An S' Erotefto,109549.0,3:29,2008-12-09,https://i.scdn.co/image/ab67616d00001e0293ae850db2b4228fe4977dab
58,an toulahiston - remastered|170,An Toulahiston - Remastered,6006.0,2:50,2006-03-30,https://i.scdn.co/image/ab67616d00001e02ef7a44a6675dfe98f00922c9
59,anakohi|260,Anakohi,67467.0,4:20,2008-12-09,https://i.scdn.co/image/ab67616d00001e0293ae850db2b4228fe4977dab
60,anna|187,Anna,20132.0,3:07,2025-01-01,https://i.scdn.co/image/ab67616d00001e0289b564940e7d0488251cf51e
61,anthropino to lathos mou|182,Anthropino To Lathos Mou,14419.0,3:02,1984-03-14,https://i.scdn.co/image/ab67616d00001e02748dabd792ec65b630b3015e
62,antidoto - hotel ermou live version|185,Antidoto - Hotel Ermou Live Version,181795.0,3:05,2018-07-23,https://i.scdn.co/image/ab67616d00001e0258a2973daf4f31ec68e53ce9
63,antidoto - live version|54,Antidoto - Live Version,77953.0,0:54,2005-01-27,https://i.scdn.co/image/ab67616d00001e021f1ac446c500bab767932f58
64,antidoto|281,Antidoto,325644.0,4:41,1998-04-01,https://i.scdn.co/image/ab67616d00001e02ef7de8aeb8507a7c7990668f
65,antistrofi metrisi - hotel ermou live version|176,Antistrofi Metrisi - Hotel Ermou Live Version,477997.0,2:56,2018-07-23,https://i.scdn.co/image/ab67616d00001e0258a2973daf4f31ec68e53ce9
66,antistrofi metrisi - live|213,Antistrofi Metrisi - Live,151075.0,3:33,2021-02-15,https://i.scdn.co/image/ab67616d00001e02354a278f40042aca47e7db91
67,antistrofi metrisi - live|275,Antistrofi Metrisi - Live,10203.0,4:35,2025-12-23,https://i.scdn.co/image/ab67616d00001e0291e1a94d45bd2cc1a0e8e518
68,apagorevmeno - dj matheos' latin flava dance mix|432,Apagorevmeno - DJ Matheos' Latin Flava Dance Mix,9035.0,7:12,2010-07-12,https://i.scdn.co/image/ab67616d00001e02185811d0c3bb7828c9aee0c1
69,apagorevmeno|260,Apagorevmeno,390662.0,4:20,2008-12-09,https://i.scdn.co/image/ab67616d00001e0293ae850db2b4228fe4977dab
70,apati|184,Apati,36024.0,3:04,2013-02-14,https://i.scdn.co/image/ab67616d00001e02a6ef3f9972d1fa7c798dc345
71,apo 'do ki apo 'ki|176,Apo 'Do Ki Apo 'Ki,7338.0,2:56,2006-03-25,https://i.scdn.co/image/ab67616d00001e02647e75c09a70d541dd9e98d8
72,apo do ki apo ki|176,Apo Do Ki Apo Ki,7329.0,2:56,1993-06-01,https://i.scdn.co/image/ab67616d00001e02ad9d12a29e4c0c699380c275
73,apo makria kai agapimeni - mixed|76,Apo Makria Kai Agapimeni - Mixed,22499.0,1:16,2010-06-15,https://i.scdn.co/image/ab67616d0000b273b3ffc0c8b82fcc7e8be90432
74,apo makria ke agapimeni - remix by alex papaconstantinou|131,Apo Makria Ke Agapimeni - Remix by Alex Papaconstantinou,111437.0,2:11,2009-12-25,https://i.scdn.co/image/ab67616d0000b273aaeedd302f714fd041d6ce75
75,apo makria ke agapimeni|242,Apo Makria Ke Agapimeni,1020716.0,4:02,2008-12-09,https://i.scdn.co/image/ab67616d00001e0293ae850db2b4228fe4977dab
76,apodeixeis - hotel ermou live version|146,Apodeixeis - Hotel Ermou Live Version,882363.0,2:26,2018-07-23,https://i.scdn.co/image/ab67616d00001e0258a2973daf4f31ec68e53ce9
77,apodixis|166,Apodixis,527041.0,2:46,1986-04-22,https://i.scdn.co/image/ab67616d00001e0265c697e7b6b91a77ace8b7b2
78,apolito keno|301,Apolito Keno,345933.0,5:01,1997-04-16,https://i.scdn.co/image/ab67616d00001e02e69329448409b803d727719e
79,apopse lipis apo 'do|265,Apopse Lipis Apo 'Do,115263.0,4:25,2000-11-16,https://i.scdn.co/image/ab67616d00001e022f038cc4ad078bf55ed8c2a5
80,argisame poli|184,Argisame Poli,4629.0,3:04,1982-12-17,https://i.scdn.co/image/ab67616d00001e02d88d7bedbfbd881b07f3f89f
81,arketa|174,Arketa,59816.0,2:54,1984-03-14,https://i.scdn.co/image/ab67616d0000b273fc2c1a8bfb8cb11a02ed8e4e
82,as ixera|204,As Ixera,5063.0,3:24,1982-12-17,https://i.scdn.co/image/ab67616d00001e02d88d7bedbfbd881b07f3f89f
83,as kanoume apopse mia arhi - live|140,As Kanoume Apopse Mia Arhi - Live,9127.0,2:20,1993-12-17,https://i.scdn.co/image/ab67616d00001e0212e44acc3e380f6fa9cd0446
84,as kanoume apopse mian arhi|227,As Kanoume Apopse Mian Arhi,47839.0,3:47,1993-06-01,https://i.scdn.co/image/ab67616d00001e020b0cc51415d4ad57f6c6c9d6
85,"as min poume tipota - from ""oi kampanes tou edelvais""|254","As Min Poume Tipota - From ""Oi Kampanes Tou Edelvais""",14963.0,4:14,2015-04-24,https://i.scdn.co/image/ab67616d00001e02c4c7d35d0c68408f358142fc
86,ase tous erotes - hotel ermou live version|214,Ase Tous Erotes - Hotel Ermou Live Version,102146.0,3:34,2018-07-23,https://i.scdn.co/image/ab67616d00001e0258a2973daf4f31ec68e53ce9
87,ase tous erotes|269,Ase Tous Erotes,490333.0,4:29,2015-11-30,https://i.scdn.co/image/ab67616d00001e02b0f3e9716968614adad15b00
88,atmosfaira - hotel ermou live version|178,Atmosfaira - Hotel Ermou Live Version,419326.0,2:58,2018-07-23,https://i.scdn.co/image/ab67616d00001e0258a2973daf4f31ec68e53ce9
89,atmosfera ilektrismeni - live version|162,Atmosfera Ilektrismeni - Live Version,210740.0,2:42,2005-01-27,https://i.scdn.co/image/ab67616d00001e021f1ac446c500bab767932f58
90,atmosfera ilektrismeni - live|182,Atmosfera Ilektrismeni - Live,10134.0,3:02,2025-12-23,https://i.scdn.co/image/ab67616d00001e0291e1a94d45bd2cc1a0e8e518
91,atmosfera ilektrismeni - live|267,Atmosfera Ilektrismeni - Live,428792.0,4:27,2021-02-15,https://i.scdn.co/image/ab67616d00001e02354a278f40042aca47e7db91
92,atmosphera ilectrismeni|314,Atmosphera Ilectrismeni,2852870.0,5:14,2000-11-16,https://i.scdn.co/image/ab67616d00001e022f038cc4ad078bf55ed8c2a5
93,auti ti fora|394,Auti Ti Fora,92664.0,6:34,2025-01-01,https://i.scdn.co/image/ab67616d00001e0289b564940e7d0488251cf51e
94,axize|226,Axize,53912.0,3:46,1992-06-04,https://i.scdn.co/image/ab67616d00001e025c6925bf70a4960c8e124d86
95,balomataki|180,Balomataki,47731.0,2:60,1989-12-16,https://i.scdn.co/image/ab67616d00001e0259e2ae559dcda970e677d36e
96,berde kai berde - live|167,Berde kai berde - Live,4742.0,2:47,2017-04-14,https://i.scdn.co/image/ab67616d0000b273ec5c0c825f82a9140a6c3465
97,boom boom boom|265,Boom Boom Boom,279923.0,4:25,2019-01-17,https://i.scdn.co/image/ab67616d00001e02f697a1469bd64df980023aac
98,call me - original version|261,Call Me - Original Version,345540.0,4:21,2007-07-30,https://i.scdn.co/image/ab67616d00001e02702da3d23eb8acdafa3222e6
99,chronia polla - remix|247,Chronia Polla - Remix,9223.0,4:07,2003-06-13,https://i.scdn.co/image/ab67616d00001e02ef61b19303f50a0f77b8fcf7
100,crush|228,Crush,8215.0,3:48,2019-01-17,https://i.scdn.co/image/ab67616d00001e028a5c3916e7aac5b71b4c72fe
101,de me agapas - hotel ermou live version|248,De Me Agapas - Hotel Ermou Live Version,366344.0,4:08,2018-07-23,https://i.scdn.co/image/ab67616d00001e0258a2973daf4f31ec68e53ce9
102,de me agapas - live|48,De Me Agapas - Live,282872.0,0:48,2021-02-15,https://i.scdn.co/image/ab67616d00001e02354a278f40042aca47e7db91
103,de s' allazo - live version|88,De S' Allazo - Live Version,108852.0,1:28,1984-03-14,https://i.scdn.co/image/ab67616d00001e021f1ac446c500bab767932f58
104,de thelo na ksereis|341,De Thelo Na Ksereis,52752.0,5:41,2025-01-01,https://i.scdn.co/image/ab67616d00001e0289b564940e7d0488251cf51e
105,de thelo na xereis - hotel ermou live version|266,De Thelo Na Xereis - Hotel Ermou Live Version,246317.0,4:26,2018-07-23,https://i.scdn.co/image/ab67616d00001e0258a2973daf4f31ec68e53ce9
106,demones - live|210,Demones - Live,11649.0,3:30,2025-12-23,https://i.scdn.co/image/ab67616d00001e0291e1a94d45bd2cc1a0e8e518
107,demones - live|223,Demones - Live,40197.0,3:43,1993-12-17,https://i.scdn.co/image/ab67616d00001e0212e44acc3e380f6fa9cd0446
108,demones rock opera - part 10|318,Demones Rock Opera - Part 10,4834.0,5:18,1991-03-14,https://i.scdn.co/image/ab67616d00001e02f3d11c93e52f0c2c0116d0a4
109,demones rock opera - part 11|234,Demones Rock Opera - Part 11,4337.0,3:54,1991-03-14,https://i.scdn.co/image/ab67616d00001e02f3d11c93e52f0c2c0116d0a4
110,demones rock opera - part 12|222,Demones Rock Opera - Part 12,3116.0,3:42,1991-03-14,https://i.scdn.co/image/ab67616d00001e02f3d11c93e52f0c2c0116d0a4
111,demones rock opera - part 13|409,Demones Rock Opera - Part 13,3241.0,6:49,1991-03-14,https://i.scdn.co/image/ab67616d00001e02f3d11c93e52f0c2c0116d0a4
112,demones rock opera - part 14|225,Demones Rock Opera - Part 14,3213.0,3:45,1991-03-14,https://i.scdn.co/image/ab67616d00001e02f3d11c93e52f0c2c0116d0a4
113,demones rock opera - part 15|171,Demones Rock Opera - Part 15,4943.0,2:51,1991-03-14,https://i.scdn.co/image/ab67616d00001e02f3d11c93e52f0c2c0116d0a4
114,demones rock opera - part 16|295,Demones Rock Opera - Part 16,146033.0,4:55,1991-03-14,https://i.scdn.co/image/ab67616d00001e02f3d11c93e52f0c2c0116d0a4
115,demones rock opera - part 17|180,Demones Rock Opera - Part 17,6176.0,3:00,1991-03-14,https://i.scdn.co/image/ab67616d00001e02f3d11c93e52f0c2c0116d0a4
116,demones rock opera - part 18|304,Demones Rock Opera - Part 18,4436.0,5:04,1991-03-14,https://i.scdn.co/image/ab67616d00001e02f3d11c93e52f0c2c0116d0a4
117,demones rock opera - part 19|140,Demones Rock Opera - Part 19,3541.0,2:20,1991-03-14,https://i.scdn.co/image/ab67616d00001e02f3d11c93e52f0c2c0116d0a4
118,demones rock opera - part 1|283,Demones Rock Opera - Part 1,10468.0,4:43,1991-03-14,https://i.scdn.co/image/ab67616d00001e02f3d11c93e52f0c2c0116d0a4
119,demones rock opera - part 20|453,Demones Rock Opera - Part 20,5578.0,7:33,1991-03-14,https://i.scdn.co/image/ab67616d00001e02f3d11c93e52f0c2c0116d0a4
120,demones rock opera - part 21|226,Demones Rock Opera - Part 21,5338.0,3:46,1991-03-14,https://i.scdn.co/image/ab67616d00001e02f3d11c93e52f0c2c0116d0a4
121,demones rock opera - part 2|486,Demones Rock Opera - Part 2,8156.0,8:06,1991-03-14,https://i.scdn.co/image/ab67616d00001e02f3d11c93e52f0c2c0116d0a4
122,demones rock opera - part 3|162,Demones Rock Opera - Part 3,6852.0,2:42,1991-03-14,https://i.scdn.co/image/ab67616d00001e02f3d11c93e52f0c2c0116d0a4
123,demones rock opera - part 4|1110,Demones Rock Opera - Part 4,9594.0,18:30,1991-03-14,https://i.scdn.co/image/ab67616d00001e02f3d11c93e52f0c2c0116d0a4
124,demones rock opera - part 5|69,Demones Rock Opera - Part 5,4989.0,1:09,1991-03-14,https://i.scdn.co/image/ab67616d00001e02f3d11c93e52f0c2c0116d0a4
125,demones rock opera - part 6|162,Demones Rock Opera - Part 6,6857.0,2:42,1991-03-14,https://i.scdn.co/image/ab67616d00001e02f3d11c93e52f0c2c0116d0a4
126,demones rock opera - part 7|156,Demones Rock Opera - Part 7,4696.0,2:36,1991-03-14,https://i.scdn.co/image/ab67616d00001e02f3d11c93e52f0c2c0116d0a4
127,demones rock opera - part 8|87,Demones Rock Opera - Part 8,4842.0,1:27,1991-03-14,https://i.scdn.co/image/ab67616d00001e02f3d11c93e52f0c2c0116d0a4
128,demones rock opera - part 9|433,Demones Rock Opera - Part 9,4771.0,7:13,1991-03-14,https://i.scdn.co/image/ab67616d00001e02f3d11c93e52f0c2c0116d0a4
129,demones|241,Demones,62648.0,4:01,2025-01-01,https://i.scdn.co/image/ab67616d00001e0289b564940e7d0488251cf51e
130,den apofasisa ego|259,Den Apofasisa Ego,86790.0,4:19,2003-12-04,https://i.scdn.co/image/ab67616d00001e02724136a05d2062a661672ba4
131,den einai psema - extended version|278,Den Einai Psema - Extended Version,61725.0,4:38,2012-10-12,https://i.scdn.co/image/ab67616d00001e02e50a30a9049465416cd969b5
132,den einai psema - live|241,Den Einai Psema - Live,24942.0,4:01,2025-12-23,https://i.scdn.co/image/ab67616d00001e0291e1a94d45bd2cc1a0e8e518
133,den einai psema|251,Den Einai Psema,583571.0,4:11,2019-01-17,https://i.scdn.co/image/ab67616d00001e028a5c3916e7aac5b71b4c72fe
134,den fovame|120,Den Fovame,2890.0,1:60,2002-04-26,https://i.scdn.co/image/ab67616d00001e02b8576e13c95219ae8e9a0a18
135,den ime monahi (wherever you are going)|175,Den Ime Monahi (Wherever You Are Going),32774.0,2:55,2004-01-01,https://i.scdn.co/image/ab67616d00001e020b0cc51415d4ad57f6c6c9d6
136,den me agapas - live version|130,Den Me Agapas - Live Version,161239.0,2:10,2005-01-27,https://i.scdn.co/image/ab67616d00001e021f1ac446c500bab767932f58
137,den me agapas - live|248,Den Me Agapas - Live,11118.0,4:08,2025-12-23,https://i.scdn.co/image/ab67616d00001e0291e1a94d45bd2cc1a0e8e518
138,den me agapas - mixed|62,Den Me Agapas - Mixed,11880.0,1:02,2005-11-09,https://i.scdn.co/image/ab67616d0000b27358a45a966c0c09b8b5371b8d
139,den me agapas|296,Den Me Agapas,1132507.0,4:56,2000-11-16,https://i.scdn.co/image/ab67616d00001e022f038cc4ad078bf55ed8c2a5
140,den s'allazo - live|94,Den S'Allazo - Live,51406.0,1:34,1993-12-17,https://i.scdn.co/image/ab67616d00001e0212e44acc3e380f6fa9cd0446
141,den s'allazo|141,Den S'Allazo,531005.0,2:21,1988-06-28,https://i.scdn.co/image/ab67616d00001e0235ea6e4b84aab9e468c0b007
142,den tha iparxi allo|229,Den Tha Iparxi Allo,147476.0,3:49,2010-12-24,https://i.scdn.co/image/ab67616d00001e02922b24b13893afa0017d0362
143,den thelo na se vlepo sihna|201,Den Thelo Na Se Vlepo Sihna,4400.0,3:21,1989-03-24,https://i.scdn.co/image/ab67616d00001e02feb9079b2827195dbd9c7994
144,den thelo na xereis - live|356,Den Thelo Na Xereis - Live,14432.0,5:56,2025-12-23,https://i.scdn.co/image/ab67616d00001e0291e1a94d45bd2cc1a0e8e518
145,den thelo na xeris - live version|113,Den Thelo Na Xeris - Live Version,78823.0,1:53,2005-01-27,https://i.scdn.co/image/ab67616d00001e021f1ac446c500bab767932f58
146,den thelo na xeris - live|305,Den Thelo Na Xeris - Live,37416.0,5:05,1993-12-17,https://i.scdn.co/image/ab67616d00001e0212e44acc3e380f6fa9cd0446
147,den thelo na xeris - live|410,Den Thelo Na Xeris - Live,25239.0,6:50,1993-12-17,https://i.scdn.co/image/ab67616d00001e0212e44acc3e380f6fa9cd0446
148,den thelo na xeris|319,Den Thelo Na Xeris,1924406.0,5:19,1992-06-04,https://i.scdn.co/image/ab67616d00001e02ec8882aba54284ba0cf8e1fd
149,denome - live version|52,Denome - Live Version,53257.0,0:52,2005-01-27,https://i.scdn.co/image/ab67616d00001e021f1ac446c500bab767932f58
150,denome|248,Denome,54133.0,4:08,1998-04-01,https://i.scdn.co/image/ab67616d00001e02ef7de8aeb8507a7c7990668f
151,dihasmeno kormi|254,Dihasmeno Kormi,42254.0,4:14,1996-02-29,https://i.scdn.co/image/ab67616d00001e022abb79908fe729496b83a191
152,diki sou|228,Diki Sou,12178.0,3:48,1984-03-14,https://i.scdn.co/image/ab67616d00001e02748dabd792ec65b630b3015e
153,diladi|251,Diladi,53011.0,4:11,2019-06-03,https://i.scdn.co/image/ab67616d00001e02322de6a45665a7595525ef6c
154,dilina - live|66,Dilina - Live,16675.0,1:06,1993-12-17,https://i.scdn.co/image/ab67616d00001e0212e44acc3e380f6fa9cd0446
155,dipsasa stin porta sou - remastered 2005|244,Dipsasa Stin Porta Sou - Remastered 2005,72999.0,4:04,2005-03-10,https://i.scdn.co/image/ab67616d0000b27380e0809f63dddddefca778ff
156,dipsasa stin porta sou|244,Dipsasa Stin Porta Sou,73032.0,4:04,1994-04-27,https://i.scdn.co/image/ab67616d00001e020b0cc51415d4ad57f6c6c9d6
157,diskolos keros - remastered|136,Diskolos Keros - Remastered,7391.0,2:16,2006-03-30,https://i.scdn.co/image/ab67616d00001e02ef7a44a6675dfe98f00922c9
158,distihima|255,Distihima,37707.0,4:15,2005-09-26,https://i.scdn.co/image/ab67616d00001e027378ccb9d3a30519e6335e07
159,dodeka - hotel ermou live version|424,Dodeka - Hotel Ermou Live Version,272252.0,7:04,2018-07-23,https://i.scdn.co/image/ab67616d00001e0258a2973daf4f31ec68e53ce9
160,dodeka - live version|164,Dodeka - Live Version,100530.0,2:44,1984-03-14,https://i.scdn.co/image/ab67616d00001e021f1ac446c500bab767932f58
161,dodeka - live|155,Dodeka - Live,105410.0,2:35,1993-12-17,https://i.scdn.co/image/ab67616d00001e0212e44acc3e380f6fa9cd0446
162,dodeka - live|238,Dodeka - Live,9498.0,3:58,2025-12-23,https://i.scdn.co/image/ab67616d00001e0291e1a94d45bd2cc1a0e8e518
163,dodeka - live|333,Dodeka - Live,12533.0,5:33,2021-12-23,https://i.scdn.co/image/ab67616d0000b2736c83417ea148daf1ae5f7b0a
164,dodeka|322,Dodeka,2713085.0,5:22,1985-01-10,https://i.scdn.co/image/ab67616d00001e025f20f2f63fe64bfe775da003
165,dodeka|411,Dodeka,62378.0,6:51,2025-01-01,https://i.scdn.co/image/ab67616d00001e0289b564940e7d0488251cf51e
166,doulia doulia|94,Doulia Doulia,5401.0,1:34,2002-04-26,https://i.scdn.co/image/ab67616d00001e02b8576e13c95219ae8e9a0a18
167,dromos|288,Dromos,61745.0,4:48,1986-04-22,https://i.scdn.co/image/ab67616d00001e0265c697e7b6b91a77ace8b7b2
168,ebnefsi - live|147,Ebnefsi - Live,108119.0,2:27,1993-12-17,https://i.scdn.co/image/ab67616d00001e0212e44acc3e380f6fa9cd0446
169,ebnefsi|202,Ebnefsi,418031.0,3:22,1989-03-24,https://i.scdn.co/image/ab67616d00001e02feb9079b2827195dbd9c7994
170,efimerides|256,Efimerides,27741.0,4:16,1989-03-24,https://i.scdn.co/image/ab67616d00001e02feb9079b2827195dbd9c7994
171,efta tragoudia tha sou po - live|86,Efta Tragoudia Tha Sou Po - Live,18815.0,1:26,1993-12-17,https://i.scdn.co/image/ab67616d00001e0212e44acc3e380f6fa9cd0446
172,efta zoes|196,Efta Zoes,8021.0,3:16,1995-09-18,https://i.scdn.co/image/ab67616d00001e029b1659f5770ea89cfad1f157
173,ego de hanomai pote mou|164,Ego De Hanomai Pote Mou,8053.0,2:44,1982-12-17,https://i.scdn.co/image/ab67616d00001e02d88d7bedbfbd881b07f3f89f
174,ego ime ego|129,Ego Ime Ego,4114.0,2:09,2007-09-18,https://i.scdn.co/image/ab67616d00001e029e31a8347d2213ec7f37a4bb
175,ego moro mou - live version|171,Ego Moro Mou - Live Version,130212.0,2:51,2005-01-27,https://i.scdn.co/image/ab67616d00001e021f1ac446c500bab767932f58
176,ego moro mou - live version|41,Ego Moro Mou - Live Version,55216.0,0:41,2005-01-27,https://i.scdn.co/image/ab67616d00001e021f1ac446c500bab767932f58
177,ego moro mou|234,Ego Moro Mou,316742.0,3:54,2003-12-04,https://i.scdn.co/image/ab67616d00001e02724136a05d2062a661672ba4
178,eho pethani gia sena - live version|260,Eho Pethani Gia Sena - Live Version,160649.0,4:20,2005-01-27,https://i.scdn.co/image/ab67616d00001e021f1ac446c500bab767932f58
179,eho pethani gia sena - live|232,Eho Pethani Gia Sena - Live,20281.0,3:52,2025-12-23,https://i.scdn.co/image/ab67616d00001e0291e1a94d45bd2cc1a0e8e518
180,eho pethani gia sena|234,Eho Pethani Gia Sena,4584543.0,3:54,2003-12-04,https://i.scdn.co/image/ab67616d00001e02724136a05d2062a661672ba4
181,eho tosi agapi|245,Eho Tosi Agapi,19513.0,4:05,2005-09-26,https://i.scdn.co/image/ab67616d00001e027378ccb9d3a30519e6335e07
182,eimai to simera ki eisai to hthes|218,Eimai To Simera Ki Eisai To Hthes,87927.0,3:38,1982-12-17,https://i.scdn.co/image/ab67616d00001e02d88d7bedbfbd881b07f3f89f
183,einai asteio|221,Einai Asteio,6225071.0,3:41,2023-07-10,https://i.scdn.co/image/ab67616d00001e0270fe9f99614c45aa5e98845a
184,eisai - hotel ermou live version|124,Eisai - Hotel Ermou Live Version,1290840.0,2:04,2018-07-23,https://i.scdn.co/image/ab67616d00001e0258a2973daf4f31ec68e53ce9
185,eisai - live|263,Eisai - Live,10698.0,4:23,2025-12-23,https://i.scdn.co/image/ab67616d00001e0291e1a94d45bd2cc1a0e8e518
186,ekatommiria - live version|99,Ekatommiria - Live Version,87067.0,1:39,2005-01-27,https://i.scdn.co/image/ab67616d00001e021f1ac446c500bab767932f58
187,ekatommiria|244,Ekatommiria,1495758.0,4:04,1996-02-29,https://i.scdn.co/image/ab67616d00001e022abb79908fe729496b83a191
188,ekatommyria - hotel ermou live version|95,Ekatommyria - Hotel Ermou Live Version,337051.0,1:35,2018-07-23,https://i.scdn.co/image/ab67616d00001e0258a2973daf4f31ec68e53ce9
189,eki|284,Eki,162611.0,4:44,1997-04-16,https://i.scdn.co/image/ab67616d00001e02e69329448409b803d727719e
190,ekpliksi|261,Ekpliksi,1576907.0,4:21,2002-10-10,https://i.scdn.co/image/ab67616d00001e02b6abec5528a11ae2450385c1
191,ela na zisoume|188,Ela Na Zisoume,14868.0,3:08,2004-01-01,https://i.scdn.co/image/ab67616d00001e020b0cc51415d4ad57f6c6c9d6
192,ela|251,Ela,16426.0,4:11,1984-03-14,https://i.scdn.co/image/ab67616d00001e02748dabd792ec65b630b3015e
193,eleftheri ptosi|340,Eleftheri Ptosi,53490.0,5:40,2019-06-03,https://i.scdn.co/image/ab67616d00001e02322de6a45665a7595525ef6c
194,eleni - live|259,Eleni - Live,13030.0,4:19,2025-12-23,https://i.scdn.co/image/ab67616d00001e0291e1a94d45bd2cc1a0e8e518
195,eleni|262,Eleni,47158.0,4:22,2025-01-01,https://i.scdn.co/image/ab67616d00001e0289b564940e7d0488251cf51e
196,eleni|296,Eleni,6729181.0,4:56,1996-02-29,https://i.scdn.co/image/ab67616d00001e022abb79908fe729496b83a191
197,ellada|203,Ellada,17038.0,3:23,1992-06-04,https://i.scdn.co/image/ab67616d00001e025c6925bf70a4960c8e124d86
198,emis - live|166,Emis - Live,14643.0,2:46,1993-12-17,https://i.scdn.co/image/ab67616d00001e0212e44acc3e380f6fa9cd0446
199,emis|224,Emis,1934387.0,3:44,1992-06-04,https://i.scdn.co/image/ab67616d00001e025c6925bf70a4960c8e124d86
200,empnefsi - hotel ermou live version|146,Empnefsi - Hotel Ermou Live Version,2162092.0,2:26,2018-07-23,https://i.scdn.co/image/ab67616d00001e0258a2973daf4f31ec68e53ce9
201,empnefsi - live|212,Empnefsi - Live,13476.0,3:32,2025-12-23,https://i.scdn.co/image/ab67616d00001e0291e1a94d45bd2cc1a0e8e518
202,empnefsi|212,Empnefsi,133410.0,3:32,2014-06-10,https://i.scdn.co/image/ab67616d00001e02ec9126cabf490338255d00d6
203,empneusi|154,Empneusi,60703.0,2:34,2025-01-01,https://i.scdn.co/image/ab67616d00001e0289b564940e7d0488251cf51e
204,ena dasos klares|154,Ena Dasos Klares,1741.0,2:34,2005-03-31,https://i.scdn.co/image/ab67616d0000b2733a2169fb0e321e09305924f8
205,ena hrono to perisotero|305,Ena Hrono To Perisotero,243508.0,5:05,1984-03-14,https://i.scdn.co/image/ab67616d0000b2739af901b9d9530c01a829a585
206,ena i kanena - radio version|315,Ena I Kanena - Radio Version,148535.0,5:15,2014-01-27,https://i.scdn.co/image/ab67616d00001e02e4ebd7f4efadac0ca40f19b5
207,ena sou leo - hotel ermou live version|243,Ena Sou Leo - Hotel Ermou Live Version,394027.0,4:03,2018-07-23,https://i.scdn.co/image/ab67616d00001e0258a2973daf4f31ec68e53ce9
208,ena sou leo - live|180,Ena Sou Leo - Live,16023.0,2:60,1993-12-17,https://i.scdn.co/image/ab67616d00001e0212e44acc3e380f6fa9cd0446
209,ena sou leo - live|185,Ena Sou Leo - Live,11934.0,3:05,2025-12-23,https://i.scdn.co/image/ab67616d00001e0291e1a94d45bd2cc1a0e8e518
210,ena sou leo ena|275,Ena Sou Leo Ena,102995.0,4:35,2025-01-01,https://i.scdn.co/image/ab67616d00001e0289b564940e7d0488251cf51e
211,ena sou leo|240,Ena Sou Leo,251880.0,3:60,1991-02-14,https://i.scdn.co/image/ab67616d00001e0294e085b2ede4f62a20f60820
212,enarksi|174,Enarksi,89751.0,2:54,2025-01-01,https://i.scdn.co/image/ab67616d00001e0289b564940e7d0488251cf51e
213,entek|368,Entek,4700.0,6:08,2002-04-26,https://i.scdn.co/image/ab67616d00001e02b8576e13c95219ae8e9a0a18
214,epilogi mou|247,Epilogi Mou,214193.0,4:07,2000-11-16,https://i.scdn.co/image/ab67616d00001e022f038cc4ad078bf55ed8c2a5
215,epomeni kinisi|303,Epomeni Kinisi,51596.0,5:03,1986-04-22,https://i.scdn.co/image/ab67616d00001e0265c697e7b6b91a77ace8b7b2
216,eprepe - hotel ermou live version|134,Eprepe - Hotel Ermou Live Version,224798.0,2:14,2018-07-23,https://i.scdn.co/image/ab67616d00001e0258a2973daf4f31ec68e53ce9
217,eprepe|215,Eprepe,147067.0,3:35,1997-04-16,https://i.scdn.co/image/ab67616d00001e02e69329448409b803d727719e
218,erimi poli|260,Erimi Poli,122352.0,4:20,2003-12-04,https://i.scdn.co/image/ab67616d00001e02724136a05d2062a661672ba4
219,erota i polemo (with nikos vourliotis)|257,Erota I Polemo (with Nikos Vourliotis),307924.0,4:17,2005-09-26,https://i.scdn.co/image/ab67616d00001e027378ccb9d3a30519e6335e07
220,erota mou apiste - hotel ermou live version|190,Erota Mou Apiste - Hotel Ermou Live Version,87656.0,3:10,2018-07-23,https://i.scdn.co/image/ab67616d00001e0258a2973daf4f31ec68e53ce9
221,erota mou apiste|235,Erota Mou Apiste,31156.0,3:55,2005-09-26,https://i.scdn.co/image/ab67616d00001e027378ccb9d3a30519e6335e07
222,eroteumenaki / agapi einai|347,Eroteumenaki / Agapi Einai,63251.0,5:47,2025-01-01,https://i.scdn.co/image/ab67616d00001e0289b564940e7d0488251cf51e
223,erotevmenaki - hotel ermou live acapella version|104,Erotevmenaki - Hotel Ermou Live Acapella Version,365778.0,1:44,2018-07-23,https://i.scdn.co/image/ab67616d00001e0258a2973daf4f31ec68e53ce9
224,erotevmenaki - hotel ermou live version|166,Erotevmenaki - Hotel Ermou Live Version,132620.0,2:46,2018-07-23,https://i.scdn.co/image/ab67616d00001e0258a2973daf4f31ec68e53ce9
225,erotevmenaki - live version|32,Erotevmenaki - Live Version,420036.0,0:32,2005-01-27,https://i.scdn.co/image/ab67616d00001e021f1ac446c500bab767932f58
226,erotevmenaki|203,Erotevmenaki,829438.0,3:23,1998-04-01,https://i.scdn.co/image/ab67616d00001e02ef7de8aeb8507a7c7990668f
227,esorouha - live version|119,Esorouha - Live Version,79258.0,1:59,1984-03-14,https://i.scdn.co/image/ab67616d00001e021f1ac446c500bab767932f58
228,etos pediou - remastered|202,Etos Pediou - Remastered,4727.0,3:22,2006-03-30,https://i.scdn.co/image/ab67616d00001e02ef7a44a6675dfe98f00922c9
229,etsi mono axizi|270,Etsi Mono Axizi,57764.0,4:30,2010-11-08,https://i.scdn.co/image/ab67616d00001e024ac13d5da9b353fd4e6ab919
230,everything - david thoener mix|180,Everything - David Thoener Mix,3083.0,2:60,2006-03-31,https://i.scdn.co/image/ab67616d00001e0247ca2f1fe13364213916def1
231,everything - karaoke version|180,Everything - Karaoke Version,4505.0,2:60,2006-04-27,https://i.scdn.co/image/ab67616d00001e025f53fb746df6aa43779c809e
232,everything - valentino & christodoulos siganos remix|266,Everything - Valentino & Christodoulos Siganos Remix,20803.0,4:26,2006-03-31,https://i.scdn.co/image/ab67616d00001e029c457e147f0aa4c6c4cead88
233,everything i am|196,Everything I Am,52714.0,3:16,2000-06-13,https://i.scdn.co/image/ab67616d00001e0255c69d02a37edefde7c5a8ce
234,everything|180,Everything,1795287.0,2:60,2006-03-31,https://i.scdn.co/image/ab67616d00001e029c457e147f0aa4c6c4cead88
235,exairesi|276,Exairesi,1393378.0,4:36,2025-11-21,https://i.scdn.co/image/ab67616d00001e020b4693ef4d1f7a2f62a0e982
236,fabulous - mixed|118,Fabulous - Mixed,8788.0,1:58,2010-06-15,https://i.scdn.co/image/ab67616d0000b273b3ffc0c8b82fcc7e8be90432
237,fabulous|179,Fabulous,701947.0,2:59,2009-11-16,https://i.scdn.co/image/ab67616d00001e023c1000a31c891246e049028f
238,fevgo - extended live version|127,Fevgo - Extended Live Version,249077.0,2:07,2005-01-27,https://i.scdn.co/image/ab67616d00001e021f1ac446c500bab767932f58
239,fevgo - live version|75,Fevgo - Live Version,59533.0,1:15,2005-01-27,https://i.scdn.co/image/ab67616d00001e021f1ac446c500bab767932f58
240,fevgo|260,Fevgo,210614.0,4:20,2003-12-04,https://i.scdn.co/image/ab67616d00001e02724136a05d2062a661672ba4
241,fexe hlomo feggari mou|184,Fexe Hlomo Feggari Mou,2402.0,3:04,1980-04-01,https://i.scdn.co/image/ab67616d00001e02e8d377f49f51cfaf01a7a613
242,file mou - live version|44,File Mou - Live Version,56950.0,0:44,2005-01-27,https://i.scdn.co/image/ab67616d00001e021f1ac446c500bab767932f58
243,file mou - mixed|44,File Mou - Mixed,8599.0,0:44,2005-11-09,https://i.scdn.co/image/ab67616d0000b27358a45a966c0c09b8b5371b8d
244,flegomenos trohos|342,Flegomenos Trohos,232214.0,5:42,2019-06-03,https://i.scdn.co/image/ab67616d00001e02322de6a45665a7595525ef6c
245,fones|210,Fones,6003.0,3:30,2002-04-26,https://i.scdn.co/image/ab67616d00001e02b8576e13c95219ae8e9a0a18
246,forgive me this|248,Forgive Me This,13492.0,4:08,2000-06-13,https://i.scdn.co/image/ab67616d00001e0255c69d02a37edefde7c5a8ce
247,fos - live|123,Fos - Live,15255.0,2:03,1993-12-17,https://i.scdn.co/image/ab67616d00001e0212e44acc3e380f6fa9cd0446
248,fos|251,Fos,60022.0,4:11,1991-02-14,https://i.scdn.co/image/ab67616d00001e0294e085b2ede4f62a20f60820
249,fos|265,Fos,36048.0,4:25,2025-01-01,https://i.scdn.co/image/ab67616d00001e0289b564940e7d0488251cf51e
250,fotia - live|109,Fotia - Live,14841.0,1:49,1993-12-17,https://i.scdn.co/image/ab67616d00001e0212e44acc3e380f6fa9cd0446
251,fotia|234,Fotia,140783.0,3:54,1989-12-16,https://i.scdn.co/image/ab67616d00001e0259e2ae559dcda970e677d36e
252,fraou smit|65,Fraou Smit,5945.0,1:05,2002-04-26,https://i.scdn.co/image/ab67616d00001e02b8576e13c95219ae8e9a0a18
253,ftene|301,Ftene,5596.0,5:01,1992-12-24,https://i.scdn.co/image/ab67616d00001e02ec8882aba54284ba0cf8e1fd
254,fteo|221,Fteo,39640.0,3:41,1992-06-04,https://i.scdn.co/image/ab67616d00001e025c6925bf70a4960c8e124d86
255,gazi - live version|126,Gazi - Live Version,87229.0,2:06,2005-01-27,https://i.scdn.co/image/ab67616d00001e021f1ac446c500bab767932f58
256,gazi|308,Gazi,300813.0,5:08,1998-04-01,https://i.scdn.co/image/ab67616d00001e02ef7de8aeb8507a7c7990668f
257,gazoza - live|221,Gazoza - Live,9250.0,3:41,2025-12-23,https://i.scdn.co/image/ab67616d00001e0291e1a94d45bd2cc1a0e8e518
258,gazoza|225,Gazoza,4077311.0,3:45,2022-12-12,https://i.scdn.co/image/ab67616d00001e02e62aef58bf21754351c07baa
259,gennissi|160,Gennissi,2527.0,2:40,2002-04-26,https://i.scdn.co/image/ab67616d00001e02b8576e13c95219ae8e9a0a18
260,gi' afto sou leo mi|142,Gi' Afto Sou Leo Mi,18087.0,2:22,1993-06-01,https://i.scdn.co/image/ab67616d00001e02c176d9198d6a57350aab448a
261,gi' alla - hotel ermou live version|180,Gi' Alla - Hotel Ermou Live Version,97299.0,2:60,2018-07-23,https://i.scdn.co/image/ab67616d00001e0258a2973daf4f31ec68e53ce9
262,gi' alla|272,Gi' Alla,54857.0,4:32,1998-04-01,https://i.scdn.co/image/ab67616d00001e02ef7de8aeb8507a7c7990668f
263,gia ena lepto - dj matheos's sunshine remix|330,Gia Ena Lepto - DJ Matheos's Sunshine Remix,6148.0,5:30,2010-07-12,https://i.scdn.co/image/ab67616d00001e02185811d0c3bb7828c9aee0c1
264,gia ena lepto|242,Gia Ena Lepto,295204.0,4:02,2008-12-09,https://i.scdn.co/image/ab67616d00001e0293ae850db2b4228fe4977dab
265,gia ena oneiro zoume|245,Gia Ena Oneiro Zoume,67151.0,4:05,2025-01-01,https://i.scdn.co/image/ab67616d00001e0289b564940e7d0488251cf51e
266,gia ena oniro zoume|222,Gia Ena Oniro Zoume,15965.0,3:42,2002-04-26,https://i.scdn.co/image/ab67616d00001e02b8576e13c95219ae8e9a0a18
267,gia ola ftei o theos|280,Gia Ola Ftei O Theos,42648.0,4:40,2010-12-24,https://i.scdn.co/image/ab67616d00001e02922b24b13893afa0017d0362
268,gia sas triadafilla|170,Gia Sas Triadafilla,1270119.0,2:50,2004-01-01,https://i.scdn.co/image/ab67616d00001e020b0cc51415d4ad57f6c6c9d6
269,gia sas triadafilla|171,Gia Sas Triadafilla,12818.0,2:51,2006-03-25,https://i.scdn.co/image/ab67616d00001e02647e75c09a70d541dd9e98d8
270,gia sena - hotel ermou live version|291,Gia Sena - Hotel Ermou Live Version,279871.0,4:51,2018-07-23,https://i.scdn.co/image/ab67616d00001e0258a2973daf4f31ec68e53ce9
271,gia sena tha pethano|274,Gia Sena Tha Pethano,24142.0,4:34,2005-09-26,https://i.scdn.co/image/ab67616d00001e027378ccb9d3a30519e6335e07
272,gia sena|304,Gia Sena,273938.0,5:04,2015-10-18,https://i.scdn.co/image/ab67616d00001e02e549d07abd68fe355f28d0c1
273,gia teleftaia fora - hotel ermou live acoustic version|154,Gia Teleftaia Fora - Hotel Ermou Live Acoustic Version,315060.0,2:34,2018-07-23,https://i.scdn.co/image/ab67616d00001e0258a2973daf4f31ec68e53ce9
274,gia teleftaia fora - live|228,Gia Teleftaia Fora - Live,6493.0,3:48,2025-12-23,https://i.scdn.co/image/ab67616d00001e0291e1a94d45bd2cc1a0e8e518
275,gia teleftea fora|281,Gia Teleftea Fora,563001.0,4:41,2005-09-26,https://i.scdn.co/image/ab67616d00001e027378ccb9d3a30519e6335e07
276,gia teleutaia fora|364,Gia Teleutaia Fora,52013.0,6:04,2025-01-01,https://i.scdn.co/image/ab67616d00001e0289b564940e7d0488251cf51e
277,gia tin agapi pes mou|147,Gia Tin Agapi Pes Mou,28937.0,2:27,1975-04-08,https://i.scdn.co/image/ab67616d00001e02647e75c09a70d541dd9e98d8
278,giati gelas ke pezis|142,Giati Gelas Ke Pezis,21199.0,2:22,1980-04-01,https://i.scdn.co/image/ab67616d00001e02e8d377f49f51cfaf01a7a613
279,giati gelas|141,Giati Gelas,21199.0,2:21,2004-01-01,https://i.scdn.co/image/ab67616d00001e020b0cc51415d4ad57f6c6c9d6
280,girna moro mou|179,Girna Moro Mou,9550.0,2:59,1992-06-04,https://i.scdn.co/image/ab67616d00001e025c6925bf70a4960c8e124d86
281,girna|193,Girna,86376.0,3:13,2003-12-04,https://i.scdn.co/image/ab67616d00001e02724136a05d2062a661672ba4
282,great zeus|144,Great Zeus,7170.0,2:24,2019-01-17,https://i.scdn.co/image/ab67616d00001e028a5c3916e7aac5b71b4c72fe
283,h mousiki tou anemou|271,H Mousiki Tou Anemou,28750.0,4:31,2002-04-26,https://i.scdn.co/image/ab67616d00001e02b8576e13c95219ae8e9a0a18
284,hanome|188,Hanome,11771.0,3:08,2004-06-15,https://i.scdn.co/image/ab67616d00001e0233baa012c8f9b057a3f7d896
285,hanome|190,Hanome,11777.0,3:10,2006-04-17,https://i.scdn.co/image/ab67616d00001e028dd233fa8f22c30a04ff74f6
286,hit mix|1185,Hit Mix,1152.0,19:45,2002-12-03,https://i.scdn.co/image/ab67616d0000b273983bb02a5e22fe2d313e3223
287,horevo|239,Horevo,147997.0,3:59,1996-02-29,https://i.scdn.co/image/ab67616d00001e022abb79908fe729496b83a191
288,horis dekara - live version|31,Horis Dekara - Live Version,214443.0,0:31,2005-01-27,https://i.scdn.co/image/ab67616d00001e021f1ac446c500bab767932f58
289,horis esena ego den kano|178,Horis Esena Ego Den Kano,1945.0,2:58,1993-06-01,https://i.scdn.co/image/ab67616d00001e02ad9d12a29e4c0c699380c275
290,horis esena ego den kano|181,Horis Esena Ego Den Kano,19913.0,3:01,2006-04-17,https://i.scdn.co/image/ab67616d00001e028dd233fa8f22c30a04ff74f6
291,horis ta psemata|244,Horis Ta Psemata,83646.0,4:04,2015-11-30,https://i.scdn.co/image/ab67616d00001e02b0f3e9716968614adad15b00
292,horis to moro mou - live version|105,Horis To Moro Mou - Live Version,104124.0,1:45,2005-01-27,https://i.scdn.co/image/ab67616d00001e021f1ac446c500bab767932f58
293,horis to moro mou / waterloo - hotel ermou live medley version|228,Horis To Moro Mou / Waterloo - Hotel Ermou Live Medley Version,205467.0,3:48,2018-07-23,https://i.scdn.co/image/ab67616d00001e0258a2973daf4f31ec68e53ce9
294,horis to moro mou|235,Horis To Moro Mou,2437629.0,3:55,2000-11-16,https://i.scdn.co/image/ab67616d00001e022f038cc4ad078bf55ed8c2a5
295,horista|257,Horista,58968.0,4:17,2015-11-30,https://i.scdn.co/image/ab67616d00001e02b0f3e9716968614adad15b00
296,houla houp|226,Houla Houp,25763.0,3:46,1989-03-24,https://i.scdn.co/image/ab67616d00001e02feb9079b2827195dbd9c7994
297,hronia polla|203,Hronia Polla,426247.0,3:23,2002-10-10,https://i.scdn.co/image/ab67616d00001e02b6abec5528a11ae2450385c1
298,htes t' apogevma sto aahen|172,Htes T' Apogevma Sto Aahen,1878.0,2:52,2005-03-31,https://i.scdn.co/image/ab67616d0000b2733a2169fb0e321e09305924f8
299,i 9 stous 10 horizoune|219,I 9 Stous 10 Horizoune,4310.0,3:39,1989-03-24,https://i.scdn.co/image/ab67616d00001e02feb9079b2827195dbd9c7994
300,i agapi sou sholio|138,I Agapi Sou Sholio,6234.0,2:18,2002-02-04,https://i.scdn.co/image/ab67616d00001e020cfcb94cb3474d3c51f3579a
301,i can't sleep at night|303,I Can't Sleep at Night,9128.0,5:03,2019-01-17,https://i.scdn.co/image/ab67616d00001e028a5c3916e7aac5b71b4c72fe
302,i diadilosi|307,I Diadilosi,8787.0,5:07,1995-09-18,https://i.scdn.co/image/ab67616d00001e029b1659f5770ea89cfad1f157
303,i diadilosi|358,I Diadilosi,44711.0,5:58,2025-01-01,https://i.scdn.co/image/ab67616d00001e0289b564940e7d0488251cf51e
304,i hadres - live|78,I Hadres - Live,14208.0,1:18,1993-12-17,https://i.scdn.co/image/ab67616d00001e0212e44acc3e380f6fa9cd0446
305,i kathimerinotita mas|265,I Kathimerinotita Mas,51472.0,4:25,2013-12-02,https://i.scdn.co/image/ab67616d00001e0200f0229910298a621ad24f69
306,i kiklades|232,I Kiklades,13174.0,3:52,2002-02-04,https://i.scdn.co/image/ab67616d00001e020b0cc51415d4ad57f6c6c9d6
307,i mousiki tou anemou - hotel ermou live instrumental version|241,I Mousiki Tou Anemou - Hotel Ermou Live Instrumental Version,186199.0,4:01,2018-07-23,https://i.scdn.co/image/ab67616d00001e0258a2973daf4f31ec68e53ce9
308,i mousiki tou anemou - instrumental|272,I Mousiki Tou Anemou - Instrumental,11636.0,4:32,2002-04-26,https://i.scdn.co/image/ab67616d00001e02b8576e13c95219ae8e9a0a18
309,i mousiki tou anemou|300,I Mousiki Tou Anemou,72481.0,4:60,2025-01-01,https://i.scdn.co/image/ab67616d00001e0289b564940e7d0488251cf51e
310,i nikimeni imaste emis|201,I Nikimeni Imaste Emis,12188.0,3:21,2002-02-04,https://i.scdn.co/image/ab67616d00001e020b0cc51415d4ad57f6c6c9d6
311,i synteleia tou kosmou|278,I Synteleia Tou Kosmou,88549.0,4:38,2019-06-03,https://i.scdn.co/image/ab67616d00001e02322de6a45665a7595525ef6c
312,i tilirkotsia|155,I Tilirkotsia,73122.0,2:35,1995-07-24,https://i.scdn.co/image/ab67616d00001e024d55039ddd94bdc5884066c7
313,i varka|449,I Varka,8116.0,7:29,1995-09-18,https://i.scdn.co/image/ab67616d00001e029b1659f5770ea89cfad1f157
314,i vraka|225,I Vraka,40926.0,3:45,1995-07-24,https://i.scdn.co/image/ab67616d00001e024d55039ddd94bdc5884066c7
315,i was made for lovin' you|214,I Was Made For Lovin' You,12611.0,3:34,2000-06-13,https://i.scdn.co/image/ab67616d00001e0255c69d02a37edefde7c5a8ce
316,ikosi hronia|271,Ikosi Hronia,7055.0,4:31,1995-07-24,https://i.scdn.co/image/ab67616d00001e024d55039ddd94bdc5884066c7
317,ilie mou|135,Ilie Mou,5016.0,2:15,2006-03-25,https://i.scdn.co/image/ab67616d00001e02647e75c09a70d541dd9e98d8
318,iliotropia|266,Iliotropia,394872.0,4:26,2019-05-27,https://i.scdn.co/image/ab67616d00001e02c59e9ae0aa1b2ef80e5aecbf
319,ime - live|117,Ime - Live,13116.0,1:57,1993-12-17,https://i.scdn.co/image/ab67616d00001e0212e44acc3e380f6fa9cd0446
320,ime eleftheri|163,Ime Eleftheri,3614.0,2:43,2002-04-26,https://i.scdn.co/image/ab67616d00001e02b8576e13c95219ae8e9a0a18
321,ime i anna|167,Ime I Anna,16529.0,2:47,1984-03-14,https://i.scdn.co/image/ab67616d00001e02748dabd792ec65b630b3015e
322,ime poli kala - dance mix|349,Ime Poli Kala - Dance Mix,76943.0,5:49,1995-09-18,https://i.scdn.co/image/ab67616d00001e029b1659f5770ea89cfad1f157
323,ime poli kala|331,Ime Poli Kala,173349.0,5:31,1995-09-18,https://i.scdn.co/image/ab67616d00001e029b1659f5770ea89cfad1f157
324,ime|268,Ime,59797.0,4:28,1991-02-14,https://i.scdn.co/image/ab67616d00001e0294e085b2ede4f62a20f60820
325,imnos|126,Imnos,1740.0,2:06,2002-04-26,https://i.scdn.co/image/ab67616d00001e02b8576e13c95219ae8e9a0a18
326,ine kati stigmes|163,Ine Kati Stigmes,58755.0,2:43,1993-06-01,https://i.scdn.co/image/ab67616d00001e020b0cc51415d4ad57f6c6c9d6
327,intro - hotel ermou live instrumental version|155,Intro - Hotel Ermou Live Instrumental Version,77093.0,2:35,2018-07-23,https://i.scdn.co/image/ab67616d00001e0258a2973daf4f31ec68e53ce9
328,ipervoles|233,Ipervoles,123362.0,3:53,1991-02-14,https://i.scdn.co/image/ab67616d00001e0294e085b2ede4f62a20f60820
329,ipopsies|170,Ipopsies,22302.0,2:50,1991-02-14,https://i.scdn.co/image/ab67616d00001e0294e085b2ede4f62a20f60820
330,is it safe|229,Is It Safe,23919.0,3:49,2007-07-30,https://i.scdn.co/image/ab67616d00001e028a5c3916e7aac5b71b4c72fe
331,ise - live version|286,Ise - Live Version,163088.0,4:46,2005-01-27,https://i.scdn.co/image/ab67616d00001e021f1ac446c500bab767932f58
332,ise - live version|61,Ise - Live Version,64181.0,1:01,1984-03-14,https://i.scdn.co/image/ab67616d00001e021f1ac446c500bab767932f58
333,ise - produigal remix|388,Ise - Produigal Remix,48088.0,6:28,2003-12-04,https://i.scdn.co/image/ab67616d00001e02724136a05d2062a661672ba4
334,ise oti pio agapimeno eho|201,Ise Oti Pio Agapimeno Eho,17288.0,3:21,1992-12-24,https://i.scdn.co/image/ab67616d00001e02ec8882aba54284ba0cf8e1fd
335,ise|261,Ise,5184450.0,4:21,2003-12-04,https://i.scdn.co/image/ab67616d00001e02724136a05d2062a661672ba4
336,istoria mou - live version|157,Istoria Mou - Live Version,84557.0,2:37,2005-01-27,https://i.scdn.co/image/ab67616d00001e021f1ac446c500bab767932f58
337,itan psemata|253,Itan Psemata,3505.0,4:13,1993-06-01,https://i.scdn.co/image/ab67616d00001e02ad9d12a29e4c0c699380c275
338,kai eho tosa na thymamai - hotel ermou live version|163,Kai Eho Tosa Na Thymamai - Hotel Ermou Live Version,3430749.0,2:43,2018-07-23,https://i.scdn.co/image/ab67616d00001e0258a2973daf4f31ec68e53ce9
339,kai eho tosa na thymamai - live|179,Kai Eho Tosa Na Thymamai - Live,19531.0,2:59,2025-12-23,https://i.scdn.co/image/ab67616d00001e0291e1a94d45bd2cc1a0e8e518
340,kaka paidia - hotel ermou live version|159,Kaka Paidia - Hotel Ermou Live Version,284747.0,2:39,2018-07-23,https://i.scdn.co/image/ab67616d00001e0258a2973daf4f31ec68e53ce9
341,kaka paidia - live|160,Kaka Paidia - Live,10379.0,2:40,2025-12-23,https://i.scdn.co/image/ab67616d00001e0291e1a94d45bd2cc1a0e8e518
342,kaka pedia - live version|36,Kaka Pedia - Live Version,269706.0,0:36,2005-01-27,https://i.scdn.co/image/ab67616d00001e021f1ac446c500bab767932f58
343,kaka pedia|312,Kaka Pedia,1900455.0,5:12,2000-11-16,https://i.scdn.co/image/ab67616d00001e022f038cc4ad078bf55ed8c2a5
344,kala xristougenna|223,Kala Xristougenna,106736.0,3:43,2012-12-24,https://i.scdn.co/image/ab67616d00001e02d0d6630e1b3df2800997869a
345,kalimera kainourgia mou agapi - hotel ermou live version|54,Kalimera Kainourgia Mou Agapi - Hotel Ermou Live Version,240158.0,0:54,2018-07-23,https://i.scdn.co/image/ab67616d00001e0258a2973daf4f31ec68e53ce9
346,kalimera kenourgia mou agapi - live version|32,Kalimera Kenourgia Mou Agapi - Live Version,417267.0,0:32,1984-03-14,https://i.scdn.co/image/ab67616d00001e021f1ac446c500bab767932f58
347,kalimera kenourgia mou agapi - mixed|30,Kalimera Kenourgia Mou Agapi - Mixed,411259.0,0:30,2005-11-09,https://i.scdn.co/image/ab67616d0000b27358a45a966c0c09b8b5371b8d
348,kalimera kenourgia mou agapi|190,Kalimera Kenourgia Mou Agapi,728377.0,3:10,1993-06-01,https://i.scdn.co/image/ab67616d00001e020b0cc51415d4ad57f6c6c9d6
349,kalitera i dio mas (with kaiti garbi)|255,Kalitera I Dio Mas (with Kaiti Garbi),1164203.0,4:15,2000-11-16,https://i.scdn.co/image/ab67616d00001e022f038cc4ad078bf55ed8c2a5
350,kalitera na poume antio|154,Kalitera Na Poume Antio,13781.0,2:34,1984-03-14,https://i.scdn.co/image/ab67616d00001e02748dabd792ec65b630b3015e
351,kaliteres meres - dance version|291,Kaliteres Meres - Dance Version,35619.0,4:51,2014-06-10,https://i.scdn.co/image/ab67616d00001e02ec9126cabf490338255d00d6
352,kalokairina filia|240,Kalokairina Filia,562189.0,4:00,2017-05-08,https://i.scdn.co/image/ab67616d00001e02485738513921fd2174f63224
353,kalokairines diakopes - live|214,Kalokairines Diakopes - Live,11368.0,3:34,2025-12-23,https://i.scdn.co/image/ab67616d00001e0291e1a94d45bd2cc1a0e8e518
354,kalokairines diakopes|214,Kalokairines Diakopes,250513.0,3:34,2025-08-01,https://i.scdn.co/image/ab67616d00001e02c271b6b6228b38da6663f521
355,kalokeria ke himones - live version|38,Kalokeria Ke Himones - Live Version,240119.0,0:38,2005-01-27,https://i.scdn.co/image/ab67616d00001e021f1ac446c500bab767932f58
356,kalokerines diakopes gia panta (paleo faliro) - live version|117,Kalokerines Diakopes Gia Panta (Paleo Faliro) - Live Version,64589.0,1:57,1984-03-14,https://i.scdn.co/image/ab67616d00001e021f1ac446c500bab767932f58
357,kalytera moni - hotel ermou live version|242,Kalytera Moni - Hotel Ermou Live Version,274958.0,4:02,2018-07-23,https://i.scdn.co/image/ab67616d00001e0258a2973daf4f31ec68e53ce9
358,kalytera moni|238,Kalytera Moni,167991.0,3:58,2015-11-30,https://i.scdn.co/image/ab67616d00001e02b0f3e9716968614adad15b00
359,kalyteres meres - dance version|291,Kalyteres Meres - Dance Version,35619.0,4:51,2014-04-14,https://i.scdn.co/image/ab67616d00001e02825febd549152f6199095faf
360,kane kati|292,Kane Kati,86536.0,4:52,2008-12-09,https://i.scdn.co/image/ab67616d00001e0293ae850db2b4228fe4977dab
361,kanenas - hotel ermou live version|236,Kanenas - Hotel Ermou Live Version,262925.0,3:56,2018-07-23,https://i.scdn.co/image/ab67616d00001e0258a2973daf4f31ec68e53ce9
362,kanenas - live|197,Kanenas - Live,12972.0,3:17,2025-12-23,https://i.scdn.co/image/ab67616d00001e0291e1a94d45bd2cc1a0e8e518
363,kanenas|264,Kanenas,460047.0,4:24,2005-09-26,https://i.scdn.co/image/ab67616d00001e027378ccb9d3a30519e6335e07
364,kapnizo - remix|324,Kapnizo - Remix,36359.0,5:24,2000-11-16,https://i.scdn.co/image/ab67616d00001e022f038cc4ad078bf55ed8c2a5
365,kapnizo|335,Kapnizo,17309.0,5:35,1989-12-16,https://i.scdn.co/image/ab67616d00001e0259e2ae559dcda970e677d36e
366,kapou nihtoni - live|147,Kapou Nihtoni - Live,8727.0,2:27,1993-12-17,https://i.scdn.co/image/ab67616d00001e0212e44acc3e380f6fa9cd0446
367,kardia apo petra|254,Kardia Apo Petra,128652.0,4:14,2000-11-16,https://i.scdn.co/image/ab67616d00001e022f038cc4ad078bf55ed8c2a5
368,kathe limani ke kaimos - live|87,Kathe Limani Ke Kaimos - Live,11548.0,1:27,1993-12-17,https://i.scdn.co/image/ab67616d00001e0212e44acc3e380f6fa9cd0446
369,kati simveni|247,Kati Simveni,13155.0,4:07,1985-01-10,https://i.scdn.co/image/ab67616d00001e025f20f2f63fe64bfe775da003
370,ke eho tosa na thimame|226,Ke Eho Tosa Na Thimame,1826895.0,3:46,1984-03-14,https://i.scdn.co/image/ab67616d00001e02748dabd792ec65b630b3015e
371,ke se girevo|209,Ke Se Girevo,11549.0,3:29,1985-01-10,https://i.scdn.co/image/ab67616d00001e025f20f2f63fe64bfe775da003
372,ke si milas - remastered|142,Ke Si Milas - Remastered,5928.0,2:22,2006-03-30,https://i.scdn.co/image/ab67616d00001e02ef7a44a6675dfe98f00922c9
373,ke ti egine - live|51,Ke Ti Egine - Live,108214.0,0:51,2005-01-27,https://i.scdn.co/image/ab67616d00001e021f1ac446c500bab767932f58
374,ke ti egine|259,Ke Ti Egine,227766.0,4:19,1996-02-29,https://i.scdn.co/image/ab67616d00001e022abb79908fe729496b83a191
375,kegete o kosmos kegete - remastered|174,Kegete O Kosmos Kegete - Remastered,6628.0,2:54,2006-03-25,https://i.scdn.co/image/ab67616d00001e02844c180f9a5b2bd52918735c
376,ki omos den teleionei - themis georgantas & mr. spa remix|235,Ki Omos Den Teleionei - Themis Georgantas & Mr. SPa Remix,51805.0,3:55,2021-08-02,https://i.scdn.co/image/ab67616d00001e023b5a4d8b4336dae3dfbe3028
377,ki omos den teleionei|246,Ki Omos Den Teleionei,1442212.0,4:06,2021-06-11,https://i.scdn.co/image/ab67616d00001e02c5cd7945d06063c34e380b01
378,ki omos den telioni - live|241,Ki Omos Den Telioni - Live,7505.0,4:01,2021-12-23,https://i.scdn.co/image/ab67616d0000b2736c83417ea148daf1ae5f7b0a
379,ki omos ehis figi|219,Ki Omos Ehis Figi,9786.0,3:39,1985-01-10,https://i.scdn.co/image/ab67616d00001e025f20f2f63fe64bfe775da003
380,ki omos ki omos|156,Ki Omos Ki Omos,2516.0,2:36,1974-05-16,https://i.scdn.co/image/ab67616d0000b2734930b8f9989d4233f31e8a42
381,kick the habit|284,Kick The Habit,20869.0,4:44,2000-06-13,https://i.scdn.co/image/ab67616d00001e0255c69d02a37edefde7c5a8ce
382,kinoumeni ammos|291,Kinoumeni Ammos,44153.0,4:51,2005-09-26,https://i.scdn.co/image/ab67616d00001e027378ccb9d3a30519e6335e07
383,kipseli|203,Kipseli,129800.0,3:23,1988-06-28,https://i.scdn.co/image/ab67616d00001e0235ea6e4b84aab9e468c0b007
384,kitrino astro|141,Kitrino Astro,3054.0,2:21,2002-04-26,https://i.scdn.co/image/ab67616d00001e02b8576e13c95219ae8e9a0a18
385,kitrino galazio|142,Kitrino Galazio,62352.0,2:22,1993-06-01,https://i.scdn.co/image/ab67616d00001e020b0cc51415d4ad57f6c6c9d6
386,kladi rodias|187,Kladi Rodias,9868.0,3:07,2004-01-01,https://i.scdn.co/image/ab67616d00001e020b0cc51415d4ad57f6c6c9d6
387,klaio|184,Klaio,16049.0,3:04,2019-01-17,https://i.scdn.co/image/ab67616d00001e028a5c3916e7aac5b71b4c72fe
388,kles esi ke pono (je reviens te chercher)|154,Kles Esi Ke Pono (Je Reviens Te Chercher),16136.0,2:34,2004-01-01,https://i.scdn.co/image/ab67616d00001e020b0cc51415d4ad57f6c6c9d6
389,klima tropiko - hotel ermou live version|240,Klima Tropiko - Hotel Ermou Live Version,340653.0,3:60,2018-07-23,https://i.scdn.co/image/ab67616d00001e0258a2973daf4f31ec68e53ce9
390,kontra|232,Kontra,5783358.0,3:52,2008-12-09,https://i.scdn.co/image/ab67616d00001e0293ae850db2b4228fe4977dab
391,kopike i grammi|241,Kopike I Grammi,64039.0,4:01,2000-11-16,https://i.scdn.co/image/ab67616d00001e022f038cc4ad078bf55ed8c2a5
392,kravgi - hotel ermou live version|139,Kravgi - Hotel Ermou Live Version,400719.0,2:19,2018-07-23,https://i.scdn.co/image/ab67616d00001e0258a2973daf4f31ec68e53ce9
393,kravgi - live version|358,Kravgi - Live Version,91357.0,5:58,2005-01-27,https://i.scdn.co/image/ab67616d00001e021f1ac446c500bab767932f58
394,kravgi - live|270,Kravgi - Live,11863.0,4:30,2025-12-23,https://i.scdn.co/image/ab67616d00001e0291e1a94d45bd2cc1a0e8e518
395,kravgi hit mix|289,Kravgi Hit Mix,651685.0,4:49,2000-11-16,https://i.scdn.co/image/ab67616d00001e022f038cc4ad078bf55ed8c2a5
396,krima to boi sou - live|101,Krima To Boi Sou - Live,64997.0,1:41,1993-12-17,https://i.scdn.co/image/ab67616d00001e0212e44acc3e380f6fa9cd0446
397,krivame tin agapi mas - live|89,Krivame Tin Agapi Mas - Live,7923.0,1:29,1993-12-17,https://i.scdn.co/image/ab67616d00001e0212e44acc3e380f6fa9cd0446
398,krivame tin agapi mas|164,Krivame Tin Agapi Mas,23776.0,2:44,1980-04-01,https://i.scdn.co/image/ab67616d00001e020b0cc51415d4ad57f6c6c9d6
399,krivame tin agapi mas|190,Krivame Tin Agapi Mas,48966.0,3:10,2025-01-01,https://i.scdn.co/image/ab67616d00001e0289b564940e7d0488251cf51e
400,ksana - live|221,Ksana - Live,14760.0,3:41,2025-12-23,https://i.scdn.co/image/ab67616d00001e0291e1a94d45bd2cc1a0e8e518
401,ksana mana|304,Ksana Mana,51694.0,5:04,2025-01-01,https://i.scdn.co/image/ab67616d00001e0289b564940e7d0488251cf51e
402,ksana|296,Ksana,1424629.0,4:56,2023-06-26,https://i.scdn.co/image/ab67616d00001e0213381f57957f2c1c8cd65217
403,kypseli - hotel ermou live version|228,Kypseli - Hotel Ermou Live Version,207356.0,3:48,2018-07-23,https://i.scdn.co/image/ab67616d00001e0258a2973daf4f31ec68e53ce9
404,labo - live|305,Labo - Live,6255.0,5:05,2025-12-23,https://i.scdn.co/image/ab67616d00001e0291e1a94d45bd2cc1a0e8e518
405,labo|258,Labo,557956.0,4:18,1992-12-24,https://i.scdn.co/image/ab67616d00001e02ec8882aba54284ba0cf8e1fd
406,lambo - live|286,Lambo - Live,27098.0,4:46,1993-12-17,https://i.scdn.co/image/ab67616d00001e0212e44acc3e380f6fa9cd0446
407,lampo - hotel ermou live version|468,Lampo - Hotel Ermou Live Version,162874.0,7:48,2018-07-23,https://i.scdn.co/image/ab67616d00001e0258a2973daf4f31ec68e53ce9
408,lampo|299,Lampo,37688.0,4:59,2025-01-01,https://i.scdn.co/image/ab67616d00001e0289b564940e7d0488251cf51e
409,lathos strofi|261,Lathos Strofi,181584.0,4:21,2015-11-30,https://i.scdn.co/image/ab67616d00001e02b0f3e9716968614adad15b00
410,lekes - live|249,Lekes - Live,20145.0,4:09,2025-12-23,https://i.scdn.co/image/ab67616d00001e0291e1a94d45bd2cc1a0e8e518
411,lekes|255,Lekes,9884918.0,4:15,2023-11-10,https://i.scdn.co/image/ab67616d00001e02985d3288f7a0fc2669ef61a9
412,lie - alex papaconstantinou club edit|219,Lie - Alex Papaconstantinou Club Edit,19679.0,3:39,2005-09-26,https://i.scdn.co/image/ab67616d00001e027378ccb9d3a30519e6335e07
413,lie - radio mix|249,Lie - Radio Mix,27984.0,4:09,2007-07-30,https://i.scdn.co/image/ab67616d00001e02702da3d23eb8acdafa3222e6
414,ligna koritsia|143,Ligna Koritsia,7178.0,2:23,1974-02-24,https://i.scdn.co/image/ab67616d0000b2733d0f51673fc5872e523590bb
415,ligo krasi ligo thalassa ke t' agori mou|176,Ligo Krasi Ligo Thalassa Ke T' Agori Mou,31878.0,2:56,2007-09-18,https://i.scdn.co/image/ab67616d00001e029e31a8347d2213ec7f37a4bb
416,logia kai siopes - hotel ermou live version|315,Logia Kai Siopes - Hotel Ermou Live Version,403807.0,5:15,2018-07-23,https://i.scdn.co/image/ab67616d00001e0258a2973daf4f31ec68e53ce9
417,logia kai siopes|302,Logia Kai Siopes,56520.0,5:02,2025-01-01,https://i.scdn.co/image/ab67616d00001e0289b564940e7d0488251cf51e
418,logia ke siopes|314,Logia Ke Siopes,161103.0,5:14,2005-09-26,https://i.scdn.co/image/ab67616d00001e027378ccb9d3a30519e6335e07
419,london|289,London,25110.0,4:49,1989-03-24,https://i.scdn.co/image/ab67616d00001e02feb9079b2827195dbd9c7994
420,loulaki|315,Loulaki,380880.0,5:15,2021-03-19,https://i.scdn.co/image/ab67616d00001e02dce5b214a8d162020ae11bd0
421,m' agapas|146,M' Agapas,16033.0,2:26,2002-02-04,https://i.scdn.co/image/ab67616d00001e020b0cc51415d4ad57f6c6c9d6
422,m' agapouse pou les|149,M' Agapouse Pou Les,11468.0,2:29,1984-03-14,https://i.scdn.co/image/ab67616d00001e02748dabd792ec65b630b3015e
423,m' agapouses kapou kapou - remastered|158,M' Agapouses Kapou Kapou - Remastered,10377.0,2:38,2006-03-25,https://i.scdn.co/image/ab67616d00001e02844c180f9a5b2bd52918735c
424,ma den fovame|188,Ma Den Fovame,12626.0,3:08,2004-01-01,https://i.scdn.co/image/ab67616d00001e020b0cc51415d4ad57f6c6c9d6
425,ma itan psemata (un po di piu)|252,Ma Itan Psemata (Un Po Di Piu),24742.0,4:12,2004-01-01,https://i.scdn.co/image/ab67616d00001e020b0cc51415d4ad57f6c6c9d6
426,ma itan psemmata (un po di piu)|252,Ma Itan Psemmata (Un Po Di Piu),24742.0,4:12,2006-04-17,https://i.scdn.co/image/ab67616d00001e028dd233fa8f22c30a04ff74f6
427,ma ti leo - live version|38,Ma Ti Leo - Live Version,62359.0,0:38,2005-01-27,https://i.scdn.co/image/ab67616d00001e021f1ac446c500bab767932f58
428,magava tout (thelo esena)|276,Magava Tout (Thelo Esena),225811.0,4:36,1998-04-01,https://i.scdn.co/image/ab67616d00001e02ef7de8aeb8507a7c7990668f
429,magava tout - hotel ermou live version|326,Magava Tout - Hotel Ermou Live Version,181861.0,5:26,2018-07-23,https://i.scdn.co/image/ab67616d00001e0258a2973daf4f31ec68e53ce9
430,magiko hali - hotel ermou live version|265,Magiko Hali - Hotel Ermou Live Version,1076919.0,4:25,2018-07-23,https://i.scdn.co/image/ab67616d00001e0258a2973daf4f31ec68e53ce9
431,magiko hali - live|295,Magiko Hali - Live,7594.0,4:55,2025-12-23,https://i.scdn.co/image/ab67616d00001e0291e1a94d45bd2cc1a0e8e518
432,magiko hali|311,Magiko Hali,487415.0,5:11,1988-06-28,https://i.scdn.co/image/ab67616d00001e0235ea6e4b84aab9e468c0b007
433,magiko xali|295,Magiko Xali,88803.0,4:55,2025-01-01,https://i.scdn.co/image/ab67616d00001e0289b564940e7d0488251cf51e
434,mala theme - instrumental|169,Mala Theme - Instrumental,4316.0,2:49,2002-04-26,https://i.scdn.co/image/ab67616d00001e02b8576e13c95219ae8e9a0a18
435,mala theme - piano|186,Mala Theme - Piano,2819.0,3:06,2002-04-26,https://i.scdn.co/image/ab67616d00001e02b8576e13c95219ae8e9a0a18
436,martirio|338,Martirio,260291.0,5:38,2002-10-10,https://i.scdn.co/image/ab67616d00001e02b6abec5528a11ae2450385c1
437,maura gualia|265,Maura Gualia,119939.0,4:25,2025-01-01,https://i.scdn.co/image/ab67616d00001e0289b564940e7d0488251cf51e
438,mavra gialia|269,Mavra Gialia,660329.0,4:29,1997-04-16,https://i.scdn.co/image/ab67616d00001e02e69329448409b803d727719e
439,mavri vrohi|313,Mavri Vrohi,43979.0,5:13,2019-06-03,https://i.scdn.co/image/ab67616d00001e02322de6a45665a7595525ef6c
440,me agapi anna - hotel ermou live version|177,Me Agapi Anna - Hotel Ermou Live Version,197838.0,2:57,2018-07-23,https://i.scdn.co/image/ab67616d00001e0258a2973daf4f31ec68e53ce9
441,me agapi apo emena / de s' allazo|475,Me Agapi Apo Emena / De S' Allazo,33081.0,7:55,2025-01-01,https://i.scdn.co/image/ab67616d00001e0289b564940e7d0488251cf51e
442,me agapi apo mena gia sena - live|94,Me Agapi Apo Mena Gia Sena - Live,17367.0,1:34,1993-12-17,https://i.scdn.co/image/ab67616d00001e0212e44acc3e380f6fa9cd0446
443,me agapi apo mena gia sena|150,Me Agapi Apo Mena Gia Sena,284975.0,2:30,1986-04-22,https://i.scdn.co/image/ab67616d00001e0265c697e7b6b91a77ace8b7b2
444,me halai|192,Me Halai,44826.0,3:12,1997-04-16,https://i.scdn.co/image/ab67616d00001e02e69329448409b803d727719e
445,me mia signomi - live version|102,Me Mia Signomi - Live Version,200482.0,1:42,2005-01-27,https://i.scdn.co/image/ab67616d00001e021f1ac446c500bab767932f58
446,me mia signomi|211,Me Mia Signomi,372770.0,3:31,2003-12-04,https://i.scdn.co/image/ab67616d00001e02724136a05d2062a661672ba4
447,me niazi|278,Me Niazi,51827.0,4:38,1997-04-16,https://i.scdn.co/image/ab67616d00001e02e69329448409b803d727719e
448,melagholies|249,Melagholies,11752.0,4:09,1995-09-18,https://i.scdn.co/image/ab67616d00001e029b1659f5770ea89cfad1f157
449,mera beni mera vgeni|125,Mera Beni Mera Vgeni,2435.0,2:05,2002-04-26,https://i.scdn.co/image/ab67616d00001e02b8576e13c95219ae8e9a0a18
450,mes tis polis to hamam (to haremi sto hamam) - live version|41,Mes Tis Polis To Hamam (To Haremi Sto Hamam) - Live Version,62616.0,0:41,2005-01-27,https://i.scdn.co/image/ab67616d00001e021f1ac446c500bab767932f58
451,mes tis polis to hamam (to haremi sto hamam) - live version|55,Mes Tis Polis To Hamam (To Haremi Sto Hamam) - Live Version,60692.0,0:55,2005-01-27,https://i.scdn.co/image/ab67616d00001e021f1ac446c500bab767932f58
452,mesa mou - acoustic version|233,Mesa Mou - Acoustic Version,167671.0,3:53,2018-12-03,https://i.scdn.co/image/ab67616d00001e024b05eba1e35937bff4887d34
453,mesa mou - dance version|243,Mesa Mou - Dance Version,45055.0,4:03,2019-06-03,https://i.scdn.co/image/ab67616d00001e02322de6a45665a7595525ef6c
454,mesa sou|261,Mesa Sou,8435.0,4:21,1992-06-04,https://i.scdn.co/image/ab67616d00001e025c6925bf70a4960c8e124d86
455,meta apo sena esi|229,Meta Apo Sena Esi,3339.0,3:49,2019-09-01,https://i.scdn.co/image/ab67616d0000b2730f4e0734ebe1dfd3e693a83b
456,meta apo sena esy|292,Meta Apo Sena Esy,319265.0,4:52,2019-06-03,https://i.scdn.co/image/ab67616d00001e02322de6a45665a7595525ef6c
457,metallo|229,Metallo,60302.0,3:49,2008-12-09,https://i.scdn.co/image/ab67616d00001e0293ae850db2b4228fe4977dab
458,methismeni mou kardia - live|176,Methismeni Mou Kardia - Live,15627.0,2:56,2025-12-23,https://i.scdn.co/image/ab67616d00001e0291e1a94d45bd2cc1a0e8e518
459,methismeni mou kardia|232,Methismeni Mou Kardia,337506.0,3:52,1998-04-01,https://i.scdn.co/image/ab67616d00001e02ef7de8aeb8507a7c7990668f
460,methismeni politia - live version|123,Methismeni Politia - Live Version,64195.0,2:03,1984-03-14,https://i.scdn.co/image/ab67616d00001e021f1ac446c500bab767932f58
461,methismeni politia|216,Methismeni Politia,378096.0,3:36,1993-06-01,https://i.scdn.co/image/ab67616d00001e020b0cc51415d4ad57f6c6c9d6
462,methismeni politia|221,Methismeni Politia,63928.0,3:41,2025-01-01,https://i.scdn.co/image/ab67616d00001e0289b564940e7d0488251cf51e
463,methysmeni mou kardia - hotel ermou live version|159,Methysmeni Mou Kardia - Hotel Ermou Live Version,448113.0,2:39,2018-07-23,https://i.scdn.co/image/ab67616d00001e0258a2973daf4f31ec68e53ce9
464,methysmeni politeia - hotel ermou live version|182,Methysmeni Politeia - Hotel Ermou Live Version,138510.0,3:02,2018-07-23,https://i.scdn.co/image/ab67616d00001e0258a2973daf4f31ec68e53ce9
465,metra|317,Metra,427985.0,5:17,1995-07-28,https://i.scdn.co/image/ab67616d0000b2734fa1298ad524b31f4e71487e
466,mi me lipithis|339,Mi Me Lipithis,17263.0,5:39,2005-09-26,https://i.scdn.co/image/ab67616d00001e027378ccb9d3a30519e6335e07
467,mi me rotas|193,Mi Me Rotas,7774.0,3:13,1984-03-14,https://i.scdn.co/image/ab67616d00001e02748dabd792ec65b630b3015e
468,mi mou les|241,Mi Mou Les,49804.0,4:01,2000-11-16,https://i.scdn.co/image/ab67616d00001e022f038cc4ad078bf55ed8c2a5
469,mi mou pathis tipota - se periptosi pou - live|176,Mi Mou Pathis Tipota - Se Periptosi Pou - Live,8586.0,2:56,2025-12-23,https://i.scdn.co/image/ab67616d00001e0291e1a94d45bd2cc1a0e8e518
470,mi mou pathis tipota|222,Mi Mou Pathis Tipota,204268.0,3:42,1984-03-14,https://i.scdn.co/image/ab67616d0000b2739af901b9d9530c01a829a585
471,mi vazis mavro|167,Mi Vazis Mavro,19209.0,2:47,1975-05-22,https://i.scdn.co/image/ab67616d00001e020b0cc51415d4ad57f6c6c9d6
472,mia agapi fotia|192,Mia Agapi Fotia,29579.0,3:12,2002-04-26,https://i.scdn.co/image/ab67616d00001e02b8576e13c95219ae8e9a0a18
473,mia agapi fotia|195,Mia Agapi Fotia,32655.0,3:15,2025-01-01,https://i.scdn.co/image/ab67616d00001e0289b564940e7d0488251cf51e
474,mia fora monaha ftani - live version|33,Mia Fora Monaha Ftani - Live Version,218257.0,0:33,2005-01-27,https://i.scdn.co/image/ab67616d00001e021f1ac446c500bab767932f58
475,mia mikri psihoula|186,Mia Mikri Psihoula,6140.0,3:06,1980-04-01,https://i.scdn.co/image/ab67616d00001e02e8d377f49f51cfaf01a7a613
476,mia nihta to poli|280,Mia Nihta To Poli,28010.0,4:40,2012-04-16,https://i.scdn.co/image/ab67616d00001e02f6da831a73af591886d47d5d
477,milise mou|173,Milise Mou,12874.0,2:53,2004-01-01,https://i.scdn.co/image/ab67616d00001e020b0cc51415d4ad57f6c6c9d6
478,min kles froilain|108,Min Kles Froilain,1846.0,1:48,2002-04-26,https://i.scdn.co/image/ab67616d00001e02b8576e13c95219ae8e9a0a18
479,min psachneis tin agapi - hotel ermou live version|330,Min Psachneis Tin Agapi - Hotel Ermou Live Version,260003.0,5:30,2018-07-23,https://i.scdn.co/image/ab67616d00001e0258a2973daf4f31ec68e53ce9
480,min psahnis tin agapi - live version|183,Min Psahnis Tin Agapi - Live Version,68398.0,3:03,2005-01-27,https://i.scdn.co/image/ab67616d00001e021f1ac446c500bab767932f58
481,min psahnis tin agapi|298,Min Psahnis Tin Agapi,527886.0,4:58,2003-12-04,https://i.scdn.co/image/ab67616d00001e02724136a05d2062a661672ba4
482,min psaxneis tin agapi|338,Min Psaxneis Tin Agapi,43935.0,5:38,2025-01-01,https://i.scdn.co/image/ab67616d00001e0289b564940e7d0488251cf51e
483,min stenahoriese - remastered|136,Min Stenahoriese - Remastered,15383.0,2:16,2006-03-30,https://i.scdn.co/image/ab67616d00001e02ef7a44a6675dfe98f00922c9
484,min xehnas|288,Min Xehnas,12165.0,4:48,2019-01-17,https://i.scdn.co/image/ab67616d00001e028a5c3916e7aac5b71b4c72fe
485,mi|222,Mi,8856.0,3:42,1992-12-24,https://i.scdn.co/image/ab67616d00001e02ec8882aba54284ba0cf8e1fd
486,monaxia|310,Monaxia,100549.0,5:10,2019-06-03,https://i.scdn.co/image/ab67616d00001e02322de6a45665a7595525ef6c
487,moni mou - hotel ermou live version|140,Moni Mou - Hotel Ermou Live Version,214441.0,2:20,2018-07-23,https://i.scdn.co/image/ab67616d00001e0258a2973daf4f31ec68e53ce9
488,moni mou - live version|57,Moni Mou - Live Version,81766.0,0:57,2005-01-27,https://i.scdn.co/image/ab67616d00001e021f1ac446c500bab767932f58
489,moni mou|234,Moni Mou,1832619.0,3:54,2000-11-16,https://i.scdn.co/image/ab67616d00001e022f038cc4ad078bf55ed8c2a5
490,mono an trelatho|243,Mono An Trelatho,36866.0,4:03,2011-12-19,https://i.scdn.co/image/ab67616d00001e0279d2fde4319b0ea768945966
491,mono ena thavma|203,Mono Ena Thavma,12168.0,3:23,1991-02-14,https://i.scdn.co/image/ab67616d00001e0294e085b2ede4f62a20f60820
492,mono gia senane|244,Mono Gia Senane,12909.0,4:04,1984-03-14,https://i.scdn.co/image/ab67616d00001e02748dabd792ec65b630b3015e
493,mono i agapi|165,Mono I Agapi,126881.0,2:45,2006-01-01,https://i.scdn.co/image/ab67616d00001e0267ef15e7f2ee2b1e6253dea2
494,mono mia nihta|265,Mono Mia Nihta,11601.0,4:25,1988-06-28,https://i.scdn.co/image/ab67616d00001e0235ea6e4b84aab9e468c0b007
495,mono to sex den ftani|219,Mono To Sex Den Ftani,21420.0,3:39,1988-06-28,https://i.scdn.co/image/ab67616d00001e0235ea6e4b84aab9e468c0b007
496,monologos boger|264,Monologos Boger,2121.0,4:24,2002-04-26,https://i.scdn.co/image/ab67616d00001e02b8576e13c95219ae8e9a0a18
497,moro mou (no tomorrow)|197,Moro Mou (No Tomorrow),40932.0,3:17,2000-06-13,https://i.scdn.co/image/ab67616d00001e0255c69d02a37edefde7c5a8ce
498,moro mou - no tomorrow - hotel ermou live version|255,Moro Mou - No Tomorrow - Hotel Ermou Live Version,133315.0,4:15,2018-07-23,https://i.scdn.co/image/ab67616d00001e0258a2973daf4f31ec68e53ce9
499,mou anikis|258,Mou Anikis,194182.0,4:18,1998-04-01,https://i.scdn.co/image/ab67616d00001e02ef7de8aeb8507a7c7990668f
500,mov|214,Mov,68834.0,3:34,2003-12-04,https://i.scdn.co/image/ab67616d00001e02724136a05d2062a661672ba4
501,na 'hes kardia|234,Na 'Hes Kardia,8406.0,3:54,1984-03-14,https://i.scdn.co/image/ab67616d00001e02748dabd792ec65b630b3015e
502,na 'mouna sta heria sou karavi|136,Na 'Mouna Sta Heria Sou Karavi,31012.0,2:16,1980-04-01,https://i.scdn.co/image/ab67616d00001e02e8d377f49f51cfaf01a7a613
503,na 'se kala - live version|108,Na 'Se Kala - Live Version,117834.0,1:48,2005-01-27,https://i.scdn.co/image/ab67616d00001e021f1ac446c500bab767932f58
504,na 'se kala|243,Na 'Se Kala,1304960.0,4:03,1997-04-16,https://i.scdn.co/image/ab67616d00001e02e69329448409b803d727719e
505,na 'tan mia nihta i zoi|136,Na 'Tan Mia Nihta I Zoi,11152.0,2:16,1984-03-14,https://i.scdn.co/image/ab67616d00001e02748dabd792ec65b630b3015e
506,na i zoi (late at night) - remastered|177,Na I Zoi (Late At Night) - Remastered,6842.0,2:57,2006-03-25,https://i.scdn.co/image/ab67616d00001e02844c180f9a5b2bd52918735c
507,na sai kala - hotel ermou live version|179,Na Sai Kala - Hotel Ermou Live Version,195826.0,2:59,2018-07-23,https://i.scdn.co/image/ab67616d00001e0258a2973daf4f31ec68e53ce9
508,na ton agapas|283,Na Ton Agapas,97259.0,4:43,1998-04-01,https://i.scdn.co/image/ab67616d00001e02ef7de8aeb8507a7c7990668f
509,nea filadelfia|185,Nea Filadelfia,44594.0,3:05,2003-12-04,https://i.scdn.co/image/ab67616d00001e02724136a05d2062a661672ba4
510,ne|216,Ne,20213.0,3:36,1992-06-04,https://i.scdn.co/image/ab67616d00001e025c6925bf70a4960c8e124d86
511,nihta stasou - live version|77,Nihta Stasou - Live Version,70924.0,1:17,2005-01-27,https://i.scdn.co/image/ab67616d00001e021f1ac446c500bab767932f58
512,nikisame|222,Nikisame,5521.0,3:42,2006-03-25,https://i.scdn.co/image/ab67616d00001e02647e75c09a70d541dd9e98d8
513,no more the fool|279,No More The Fool,5481.0,4:39,2000-06-13,https://i.scdn.co/image/ab67616d00001e0255c69d02a37edefde7c5a8ce
514,nostalgia|319,Nostalgia,74826.0,5:19,2000-11-16,https://i.scdn.co/image/ab67616d00001e022f038cc4ad078bf55ed8c2a5
515,ntrepomai - hotel ermou live version|150,Ntrepomai - Hotel Ermou Live Version,216485.0,2:30,2018-07-23,https://i.scdn.co/image/ab67616d00001e0258a2973daf4f31ec68e53ce9
516,ntrepome|228,Ntrepome,173387.0,3:48,1997-04-16,https://i.scdn.co/image/ab67616d00001e02e69329448409b803d727719e
517,nylon - live|285,Nylon - Live,22809.0,4:45,2025-12-23,https://i.scdn.co/image/ab67616d00001e0291e1a94d45bd2cc1a0e8e518
518,nylon|297,Nylon,568667.0,4:57,2005-09-26,https://i.scdn.co/image/ab67616d00001e027378ccb9d3a30519e6335e07
519,o antras tis zois mou - live version|77,O Antras Tis Zois Mou - Live Version,87965.0,1:17,2005-01-27,https://i.scdn.co/image/ab67616d00001e021f1ac446c500bab767932f58
520,o antras tis zois mou|207,O Antras Tis Zois Mou,219848.0,3:27,2003-12-04,https://i.scdn.co/image/ab67616d00001e02724136a05d2062a661672ba4
521,o dromos|289,O Dromos,46985.0,4:49,2025-01-01,https://i.scdn.co/image/ab67616d00001e0289b564940e7d0488251cf51e
522,o karagiozis - live|164,O karagiozis - Live,2777.0,2:44,2017-04-14,https://i.scdn.co/image/ab67616d0000b273ec5c0c825f82a9140a6c3465
523,o kos nobel|178,O Kos Nobel,10483.0,2:58,1980-04-01,https://i.scdn.co/image/ab67616d00001e020b0cc51415d4ad57f6c6c9d6
524,o ponos tis agapis|333,O Ponos Tis Agapis,59660.0,5:33,1998-04-01,https://i.scdn.co/image/ab67616d00001e02ef7de8aeb8507a7c7990668f
525,o teleftaios horos - live|164,O Teleftaios Horos - Live,7416.0,2:44,2025-12-23,https://i.scdn.co/image/ab67616d00001e0291e1a94d45bd2cc1a0e8e518
526,o telefteos horos - live|130,O Telefteos Horos - Live,70746.0,2:10,1993-12-17,https://i.scdn.co/image/ab67616d00001e0212e44acc3e380f6fa9cd0446
527,o telefteos horos|352,O Telefteos Horos,2235781.0,5:52,1991-07-05,https://i.scdn.co/image/ab67616d0000b273f3e327be7438dc36251320dc
528,o telefteos stathmos|248,O Telefteos Stathmos,184052.0,4:08,1998-04-01,https://i.scdn.co/image/ab67616d00001e02ef7de8aeb8507a7c7990668f
529,o! erota|221,O! Erota,6366.0,3:41,2002-04-26,https://i.scdn.co/image/ab67616d00001e02b8576e13c95219ae8e9a0a18
530,o! maria|145,O! Maria,10936.0,2:25,1980-04-01,https://i.scdn.co/image/ab67616d00001e020b0cc51415d4ad57f6c6c9d6
531,oasi|259,Oasi,326486.0,4:19,2010-12-24,https://i.scdn.co/image/ab67616d00001e02922b24b13893afa0017d0362
532,ohi|270,Ohi,5632.0,4:30,1989-03-24,https://i.scdn.co/image/ab67616d00001e02feb9079b2827195dbd9c7994
533,ola gia ola - live|388,Ola Gia Ola - Live,21907.0,6:28,2025-12-23,https://i.scdn.co/image/ab67616d00001e0291e1a94d45bd2cc1a0e8e518
534,ola gia ola with orchestra - live|353,Ola Gia Ola with Orchestra - Live,10794.0,5:53,2025-12-23,https://i.scdn.co/image/ab67616d00001e0291e1a94d45bd2cc1a0e8e518
535,ola gia ola|282,Ola Gia Ola,5432584.0,4:42,2025-04-04,https://i.scdn.co/image/ab67616d00001e02fe6b9e2d1c01cfd433154466
536,ola ine entaxi|300,Ola Ine Entaxi,74288.0,5:00,2019-01-17,https://i.scdn.co/image/ab67616d00001e02f697a1469bd64df980023aac
537,ola ta lefta - hotel ermou live lounge version|193,Ola Ta Lefta - Hotel Ermou Live Lounge Version,639949.0,3:13,2018-07-23,https://i.scdn.co/image/ab67616d00001e0258a2973daf4f31ec68e53ce9
538,ola ta lefta - hotel ermou live version|71,Ola Ta Lefta - Hotel Ermou Live Version,195432.0,1:11,2018-07-23,https://i.scdn.co/image/ab67616d00001e0258a2973daf4f31ec68e53ce9
539,ola ta lefta - live version|138,Ola Ta Lefta - Live Version,125124.0,2:18,2005-01-27,https://i.scdn.co/image/ab67616d00001e021f1ac446c500bab767932f58
540,ola ta lefta - live version|93,Ola Ta Lefta - Live Version,105810.0,1:33,2005-01-27,https://i.scdn.co/image/ab67616d00001e021f1ac446c500bab767932f58
541,ola ta lefta|227,Ola Ta Lefta,803774.0,3:47,2000-11-16,https://i.scdn.co/image/ab67616d00001e022f038cc4ad078bf55ed8c2a5
542,ola tha allaxoun|147,Ola Tha Allaxoun,5141.0,2:27,2002-04-26,https://i.scdn.co/image/ab67616d00001e02b8576e13c95219ae8e9a0a18
543,on a night like this|234,On A Night Like This,31723.0,3:54,2000-06-13,https://i.scdn.co/image/ab67616d00001e0255c69d02a37edefde7c5a8ce
544,onirodemeno - live|56,Onirodemeno - Live,10556.0,0:56,1993-12-17,https://i.scdn.co/image/ab67616d00001e0212e44acc3e380f6fa9cd0446
545,opou ke na pas|225,Opou Ke Na Pas,7036.0,3:45,1992-12-24,https://i.scdn.co/image/ab67616d00001e02ec8882aba54284ba0cf8e1fd
546,ora na fevgo - hotel ermou live version|205,Ora Na Fevgo - Hotel Ermou Live Version,99331.0,3:25,2018-07-23,https://i.scdn.co/image/ab67616d00001e0258a2973daf4f31ec68e53ce9
547,ora na fevgo|233,Ora Na Fevgo,84725.0,3:53,2012-03-12,https://i.scdn.co/image/ab67616d00001e02cdd3dc0f3a08affbb9f4b709
548,oso axizis esi - live version|82,Oso Axizis Esi - Live Version,71234.0,1:22,2005-01-27,https://i.scdn.co/image/ab67616d00001e021f1ac446c500bab767932f58
549,oso eho foni - hotel ermou live version|95,Oso Eho Foni - Hotel Ermou Live Version,1299098.0,1:35,2018-07-23,https://i.scdn.co/image/ab67616d00001e0258a2973daf4f31ec68e53ce9
550,oso eho foni - immaculate club mix|202,Oso Eho Foni - Immaculate Club Mix,14974.0,3:22,1997-11-07,https://i.scdn.co/image/ab67616d00001e0235c3c159825c6c895d064586
551,oso eho foni - live version|68,Oso Eho Foni - Live Version,267081.0,1:08,1984-03-14,https://i.scdn.co/image/ab67616d00001e021f1ac446c500bab767932f58
552,oso eho foni - live|100,Oso Eho Foni - Live,8591.0,1:40,2025-12-23,https://i.scdn.co/image/ab67616d00001e0291e1a94d45bd2cc1a0e8e518
553,oso eho foni - the revival mix|207,Oso Eho Foni - The Revival Mix,131535.0,3:27,1997-11-07,https://i.scdn.co/image/ab67616d00001e0235c3c159825c6c895d064586
554,oso eho foni|142,Oso Eho Foni,1392785.0,2:22,1981-05-25,https://i.scdn.co/image/ab67616d00001e020b0cc51415d4ad57f6c6c9d6
555,oso esi|238,Oso Esi,4498.0,3:58,1982-12-17,https://i.scdn.co/image/ab67616d00001e02d88d7bedbfbd881b07f3f89f
556,oso exo foni|91,Oso Exo Foni,100064.0,1:31,2025-01-01,https://i.scdn.co/image/ab67616d00001e0289b564940e7d0488251cf51e
557,osoi agapane den pethainoune|281,Osoi Agapane Den Pethainoune,363216.0,4:41,2019-06-03,https://i.scdn.co/image/ab67616d00001e02322de6a45665a7595525ef6c
558,otan kanoume erota|256,Otan Kanoume Erota,47689.0,4:16,1986-04-22,https://i.scdn.co/image/ab67616d00001e0265c697e7b6b91a77ace8b7b2
559,otan tharthis|233,Otan Tharthis,9115.0,3:53,1985-01-10,https://i.scdn.co/image/ab67616d00001e025f20f2f63fe64bfe775da003
560,oti arhizi oreo - live version|36,Oti Arhizi Oreo - Live Version,56774.0,0:36,2005-01-27,https://i.scdn.co/image/ab67616d00001e021f1ac446c500bab767932f58
561,oti ki an pis|248,Oti Ki An Pis,9150.0,4:08,1985-01-10,https://i.scdn.co/image/ab67616d00001e025f20f2f63fe64bfe775da003
562,oti mou zitisis|359,Oti Mou Zitisis,117305.0,5:59,1996-02-29,https://i.scdn.co/image/ab67616d00001e022abb79908fe729496b83a191
563,oti thes ego - live|131,Oti Thes Ego - Live,10745.0,2:11,1993-12-17,https://i.scdn.co/image/ab67616d00001e0212e44acc3e380f6fa9cd0446
564,oti thes ego|188,Oti Thes Ego,62747.0,3:08,1992-12-24,https://i.scdn.co/image/ab67616d00001e02ec8882aba54284ba0cf8e1fd
565,oto stop|184,Oto Stop,111669.0,3:04,2004-01-01,https://i.scdn.co/image/ab67616d00001e0267ef15e7f2ee2b1e6253dea2
566,oue ki' allimono|226,Oue Ki' Allimono,51476.0,3:46,1989-12-16,https://i.scdn.co/image/ab67616d00001e0259e2ae559dcda970e677d36e
567,oute ena s' agapo|135,Oute Ena S' Agapo,15166.0,2:15,1980-04-01,https://i.scdn.co/image/ab67616d00001e020b0cc51415d4ad57f6c6c9d6
568,pai teliose|264,Pai Teliose,38677.0,4:24,2002-10-10,https://i.scdn.co/image/ab67616d00001e02b6abec5528a11ae2450385c1
569,pali gia sena|251,Pali Gia Sena,48583.0,4:11,1998-04-01,https://i.scdn.co/image/ab67616d00001e02ef7de8aeb8507a7c7990668f
570,pali horizoume|219,Pali Horizoume,10497.0,3:39,1985-01-10,https://i.scdn.co/image/ab67616d00001e025f20f2f63fe64bfe775da003
571,palio periodiko|354,Palio Periodiko,5588.0,5:54,1995-09-18,https://i.scdn.co/image/ab67616d00001e029b1659f5770ea89cfad1f157
572,pali|159,Pali,6502.0,2:39,1982-12-17,https://i.scdn.co/image/ab67616d00001e02d88d7bedbfbd881b07f3f89f
573,par' to aeroplano|147,Par' To Aeroplano,4280.0,2:27,1982-12-17,https://i.scdn.co/image/ab67616d00001e02d88d7bedbfbd881b07f3f89f
574,paragrafos 62|280,Paragrafos 62,20718.0,4:40,1995-09-18,https://i.scdn.co/image/ab67616d00001e029b1659f5770ea89cfad1f157
575,paralio - live version|217,Paralio - Live Version,93360.0,3:37,2005-01-27,https://i.scdn.co/image/ab67616d00001e021f1ac446c500bab767932f58
576,paralio - live|353,Paralio - Live,9796.0,5:53,2025-12-23,https://i.scdn.co/image/ab67616d00001e0291e1a94d45bd2cc1a0e8e518
577,paralio|320,Paralio,326550.0,5:20,1996-02-29,https://i.scdn.co/image/ab67616d00001e022abb79908fe729496b83a191
578,paralio|463,Paralio,41248.0,7:43,2025-01-01,https://i.scdn.co/image/ab67616d00001e0289b564940e7d0488251cf51e
579,paralyo - hotel ermou live version|419,Paralyo - Hotel Ermou Live Version,317397.0,6:59,2018-07-23,https://i.scdn.co/image/ab67616d00001e0258a2973daf4f31ec68e53ce9
580,paramithi xehasmeno|166,Paramithi Xehasmeno,62766.0,2:46,1975-04-08,https://i.scdn.co/image/ab67616d00001e02647e75c09a70d541dd9e98d8
581,paraxenes ikones|237,Paraxenes Ikones,83939.0,3:57,2003-12-04,https://i.scdn.co/image/ab67616d00001e02724136a05d2062a661672ba4
582,paresthisis - live version|178,Paresthisis - Live Version,96959.0,2:58,2005-01-27,https://i.scdn.co/image/ab67616d00001e021f1ac446c500bab767932f58
583,paresthisis|230,Paresthisis,138318.0,3:50,2003-12-04,https://i.scdn.co/image/ab67616d00001e02724136a05d2062a661672ba4
584,parte ta ola - hotel ermou live version|68,Parte Ta Ola - Hotel Ermou Live Version,178800.0,1:08,2018-07-23,https://i.scdn.co/image/ab67616d00001e0258a2973daf4f31ec68e53ce9
585,parte ta ola - live|163,Parte Ta Ola - Live,155842.0,2:43,2021-02-15,https://i.scdn.co/image/ab67616d00001e02354a278f40042aca47e7db91
586,parte ta ola|252,Parte Ta Ola,537786.0,4:12,1996-02-29,https://i.scdn.co/image/ab67616d00001e022abb79908fe729496b83a191
587,pente hronia dikasmenos|325,Pente Hronia Dikasmenos,77669.0,5:25,2008-12-09,https://i.scdn.co/image/ab67616d00001e0293ae850db2b4228fe4977dab
588,perimeno tilefonima sou|175,Perimeno Tilefonima Sou,15569.0,2:55,1991-02-14,https://i.scdn.co/image/ab67616d00001e0294e085b2ede4f62a20f60820
589,pes mou nai|265,Pes Mou Nai,47583.0,4:25,2019-06-03,https://i.scdn.co/image/ab67616d00001e02322de6a45665a7595525ef6c
590,pes to ksana|231,Pes To Ksana,1754468.0,3:51,2002-10-10,https://i.scdn.co/image/ab67616d00001e02b6abec5528a11ae2450385c1
591,pes to xana - hotel ermou live version|114,Pes To Xana - Hotel Ermou Live Version,2422940.0,1:54,2018-07-23,https://i.scdn.co/image/ab67616d00001e0258a2973daf4f31ec68e53ce9
592,pes to xana - live|82,Pes To Xana - Live,164507.0,1:22,2021-02-15,https://i.scdn.co/image/ab67616d00001e02354a278f40042aca47e7db91
593,pikre mou - live|213,Pikre Mou - Live,8104.0,3:33,1993-12-17,https://i.scdn.co/image/ab67616d00001e0212e44acc3e380f6fa9cd0446
594,pikre mou|222,Pikre Mou,14217.0,3:42,1992-12-24,https://i.scdn.co/image/ab67616d00001e02ec8882aba54284ba0cf8e1fd
595,pio konta|325,Pio Konta,62054.0,5:25,2008-12-09,https://i.scdn.co/image/ab67616d00001e0293ae850db2b4228fe4977dab
596,pos ta ferni etsi i zoi|227,Pos Ta Ferni Etsi I Zoi,23511.0,3:47,2003-12-04,https://i.scdn.co/image/ab67616d00001e02724136a05d2062a661672ba4
597,poso s' agapo|211,Poso S' Agapo,33836.0,3:31,2004-01-01,https://i.scdn.co/image/ab67616d00001e020b0cc51415d4ad57f6c6c9d6
598,pragmata - hotel ermou live version|235,Pragmata - Hotel Ermou Live Version,673208.0,3:55,2018-07-23,https://i.scdn.co/image/ab67616d00001e0258a2973daf4f31ec68e53ce9
599,pragmata - live|132,Pragmata - Live,27340.0,2:12,1993-12-17,https://i.scdn.co/image/ab67616d00001e0212e44acc3e380f6fa9cd0446
600,pragmata - live|254,Pragmata - Live,15177.0,4:14,2025-12-23,https://i.scdn.co/image/ab67616d00001e0291e1a94d45bd2cc1a0e8e518
601,pragmata|211,Pragmata,190158.0,3:31,2014-06-10,https://i.scdn.co/image/ab67616d00001e02ec9126cabf490338255d00d6
602,pragmata|266,Pragmata,116923.0,4:26,2025-01-01,https://i.scdn.co/image/ab67616d00001e0289b564940e7d0488251cf51e
603,pragmata|277,Pragmata,1236686.0,4:37,1986-04-22,https://i.scdn.co/image/ab67616d00001e0265c697e7b6b91a77ace8b7b2
604,prasini mera|135,Prasini Mera,5520.0,2:15,1974-02-24,https://i.scdn.co/image/ab67616d0000b2733d0f51673fc5872e523590bb
605,prosefhi - live version|98,Prosefhi - Live Version,69375.0,1:38,2005-01-27,https://i.scdn.co/image/ab67616d00001e021f1ac446c500bab767932f58
606,prosefhi - mixed|98,Prosefhi - Mixed,9284.0,1:38,2005-11-09,https://i.scdn.co/image/ab67616d0000b27358a45a966c0c09b8b5371b8d
607,protereotita|255,Protereotita,1903473.0,4:15,2010-11-08,https://i.scdn.co/image/ab67616d00001e024ac13d5da9b353fd4e6ab919
608,proti fora|165,Proti Fora,19044.0,2:45,1982-12-17,https://i.scdn.co/image/ab67616d00001e02d88d7bedbfbd881b07f3f89f
609,protimo '24|248,Protimo '24,2484466.0,4:08,2024-03-12,https://i.scdn.co/image/ab67616d00001e025732dcd068158156f5f237da
610,protimo - live|259,Protimo - Live,18126.0,4:19,2025-12-23,https://i.scdn.co/image/ab67616d00001e0291e1a94d45bd2cc1a0e8e518
611,protimo na pethaino - petros karras & dj pico remix|197,Protimo Na Pethaino - Petros Karras & DJ Pico Remix,11574.0,3:17,2016-11-28,https://i.scdn.co/image/ab67616d00001e02edac026a780e59437ca4f1ea
612,protimo na pethaino - themis g. remix|242,Protimo Na Pethaino - Themis G. Remix,124083.0,4:02,2016-11-28,https://i.scdn.co/image/ab67616d00001e02edac026a780e59437ca4f1ea
613,protimo na pethaino|252,Protimo Na Pethaino,158610.0,4:12,2015-11-30,https://i.scdn.co/image/ab67616d00001e02b0f3e9716968614adad15b00
614,protimo|244,Protimo,6516688.0,4:04,2012-12-31,https://i.scdn.co/image/ab67616d00001e02c5a969889ee87ce65ce30a24
615,pseftika - live|329,Pseftika - Live,37747.0,5:29,1993-12-17,https://i.scdn.co/image/ab67616d00001e0212e44acc3e380f6fa9cd0446
616,pseftika|248,Pseftika,269787.0,4:08,1989-12-16,https://i.scdn.co/image/ab67616d00001e0259e2ae559dcda970e677d36e
617,psidri vasilitzia mou|204,Psidri Vasilitzia Mou,16666.0,3:24,1995-07-24,https://i.scdn.co/image/ab67616d00001e024d55039ddd94bdc5884066c7
618,psihedelia - live version|193,Psihedelia - Live Version,2169378.0,3:13,2005-01-27,https://i.scdn.co/image/ab67616d00001e021f1ac446c500bab767932f58
619,psihedelia with orchestra - live|179,Psihedelia with Orchestra - Live,9165.0,2:59,2025-12-23,https://i.scdn.co/image/ab67616d00001e0291e1a94d45bd2cc1a0e8e518
620,psihedelia|226,Psihedelia,13322730.0,3:46,2003-12-04,https://i.scdn.co/image/ab67616d00001e02724136a05d2062a661672ba4
621,re !|287,Re !,55107.0,4:47,2025-01-01,https://i.scdn.co/image/ab67616d00001e0289b564940e7d0488251cf51e
622,re - hotel ermou live version|235,Re - Hotel Ermou Live Version,312434.0,3:55,2018-07-23,https://i.scdn.co/image/ab67616d00001e0258a2973daf4f31ec68e53ce9
623,re! - live|291,Re! - Live,8783.0,4:51,2025-12-23,https://i.scdn.co/image/ab67616d00001e0291e1a94d45bd2cc1a0e8e518
624,re!|307,Re!,244883.0,5:07,1995-09-18,https://i.scdn.co/image/ab67616d00001e029b1659f5770ea89cfad1f157
625,risko|210,Risko,143941.0,3:30,2008-12-09,https://i.scdn.co/image/ab67616d00001e0293ae850db2b4228fe4977dab
626,roula mou maroula mou|217,Roula Mou Maroula Mou,15953.0,3:37,1995-07-24,https://i.scdn.co/image/ab67616d00001e024d55039ddd94bdc5884066c7
627,s eho epithymisei - hotel ermou live version|104,S Eho Epithymisei - Hotel Ermou Live Version,196303.0,1:44,2018-07-23,https://i.scdn.co/image/ab67616d00001e0258a2973daf4f31ec68e53ce9
628,s' agapo - live|102,S' Agapo - Live,17928.0,1:42,1993-12-17,https://i.scdn.co/image/ab67616d00001e0212e44acc3e380f6fa9cd0446
629,s' agapo - live|197,S' Agapo - Live,10822.0,3:17,1993-12-17,https://i.scdn.co/image/ab67616d00001e0212e44acc3e380f6fa9cd0446
630,s' agapo giati is orea - live|245,S' Agapo Giati Is Orea - Live,34061.0,4:05,1993-12-17,https://i.scdn.co/image/ab67616d00001e0212e44acc3e380f6fa9cd0446
631,s' agapo m' agapas - live|36,S' Agapo M' Agapas - Live,323363.0,0:36,2021-02-15,https://i.scdn.co/image/ab67616d00001e02354a278f40042aca47e7db91
632,s' agapo m' agapas|232,S' Agapo M' Agapas,297396.0,3:52,1996-02-29,https://i.scdn.co/image/ab67616d00001e022abb79908fe729496b83a191
633,s' agapo telia ke pavla|206,S' Agapo Telia Ke Pavla,33127.0,3:26,1986-04-22,https://i.scdn.co/image/ab67616d00001e0265c697e7b6b91a77ace8b7b2
634,s' agapo|202,S' Agapo,156418.0,3:22,1974-03-27,https://i.scdn.co/image/ab67616d0000b27332aee4912a029329e9666684
635,s' agapo|204,S' Agapo,170202.0,3:24,1993-06-01,https://i.scdn.co/image/ab67616d00001e02c176d9198d6a57350aab448a
636,s' eho epithimisi - live version|97,S' Eho Epithimisi - Live Version,119270.0,1:37,2005-01-27,https://i.scdn.co/image/ab67616d00001e021f1ac446c500bab767932f58
637,s' eho epithimisi|224,S' Eho Epithimisi,799717.0,3:44,1998-04-01,https://i.scdn.co/image/ab67616d00001e02ef7de8aeb8507a7c7990668f
638,sadismos|322,Sadismos,210855.0,5:22,2000-11-16,https://i.scdn.co/image/ab67616d00001e022f038cc4ad078bf55ed8c2a5
639,san balaki tou tenis|186,San Balaki Tou Tenis,5243.0,3:06,1989-03-24,https://i.scdn.co/image/ab67616d00001e02feb9079b2827195dbd9c7994
640,san dolofonos maniakos|310,San Dolofonos Maniakos,7677.0,5:10,1989-03-24,https://i.scdn.co/image/ab67616d00001e02feb9079b2827195dbd9c7994
641,san kai mena kamia - hotel ermou live version|186,San Kai Mena Kamia - Hotel Ermou Live Version,257132.0,3:06,2018-07-23,https://i.scdn.co/image/ab67616d00001e0258a2973daf4f31ec68e53ce9
642,san ke mena kamia - live version|81,San Ke Mena Kamia - Live Version,66965.0,1:21,1984-03-14,https://i.scdn.co/image/ab67616d00001e021f1ac446c500bab767932f58
643,san ke mena kamia - live|110,San Ke Mena Kamia - Live,14713.0,1:50,1993-12-17,https://i.scdn.co/image/ab67616d00001e0212e44acc3e380f6fa9cd0446
644,san ke mena kamia|162,San Ke Mena Kamia,226647.0,2:42,1985-01-10,https://i.scdn.co/image/ab67616d00001e025f20f2f63fe64bfe775da003
645,san ta pinasmena peristeria|158,San Ta Pinasmena Peristeria,14037.0,2:38,1980-04-01,https://i.scdn.co/image/ab67616d00001e020b0cc51415d4ad57f6c6c9d6
646,san to do kai to si|254,San To Do Kai To Si,32282.0,4:14,2010-12-24,https://i.scdn.co/image/ab67616d00001e02922b24b13893afa0017d0362
647,sandre - live|245,Sandre - Live,24652.0,4:05,2025-12-23,https://i.scdn.co/image/ab67616d00001e0291e1a94d45bd2cc1a0e8e518
648,sandre|244,Sandre,2998408.0,4:04,2025-06-27,https://i.scdn.co/image/ab67616d00001e024eaa7d1f10cf5335d0ff8ceb
649,savvatiatika|162,Savvatiatika,5733.0,2:42,2006-03-25,https://i.scdn.co/image/ab67616d00001e02647e75c09a70d541dd9e98d8
650,schizofreneia - hotel ermou live version|181,Schizofreneia - Hotel Ermou Live Version,338789.0,3:01,2018-07-23,https://i.scdn.co/image/ab67616d00001e0258a2973daf4f31ec68e53ce9
651,se chreiazomai - hotel ermou live version|237,Se Chreiazomai - Hotel Ermou Live Version,117001.0,3:57,2018-07-23,https://i.scdn.co/image/ab67616d00001e0258a2973daf4f31ec68e53ce9
652,se hlomo to vlepo|198,Se Hlomo To Vlepo,80005.0,3:18,2003-12-04,https://i.scdn.co/image/ab67616d00001e02724136a05d2062a661672ba4
653,se hriazome - live|267,Se Hriazome - Live,12810.0,4:27,1993-12-17,https://i.scdn.co/image/ab67616d00001e0212e44acc3e380f6fa9cd0446
654,se hriazome|274,Se Hriazome,38922.0,4:34,1992-12-24,https://i.scdn.co/image/ab67616d00001e02ec8882aba54284ba0cf8e1fd
655,se lipame|196,Se Lipame,9603.0,3:16,2006-04-17,https://i.scdn.co/image/ab67616d00001e028dd233fa8f22c30a04ff74f6
656,se periptosi pou (outro) - live|234,Se Periptosi Pou (Outro) - Live,7287.0,3:54,2025-12-23,https://i.scdn.co/image/ab67616d00001e0291e1a94d45bd2cc1a0e8e518
657,se periptosi pou - live|240,Se Periptosi Pou - Live,35995.0,4:00,2025-12-23,https://i.scdn.co/image/ab67616d00001e0291e1a94d45bd2cc1a0e8e518
658,se periptosi pou|239,Se Periptosi Pou,13548760.0,3:59,2024-11-08,https://i.scdn.co/image/ab67616d00001e02343e5fe2e45a694fd8575f86
659,se posa tablo|183,Se Posa Tablo,25403.0,3:03,1986-04-22,https://i.scdn.co/image/ab67616d00001e0265c697e7b6b91a77ace8b7b2
660,se skeftomai syneheia - hotel ermou live version|228,Se Skeftomai Syneheia - Hotel Ermou Live Version,190868.0,3:48,2018-07-23,https://i.scdn.co/image/ab67616d00001e0258a2973daf4f31ec68e53ce9
661,se skeftome sinehia|226,Se Skeftome Sinehia,145634.0,3:46,1989-12-16,https://i.scdn.co/image/ab67616d00001e0259e2ae559dcda970e677d36e
662,se thelo me thelis - mixed|73,Se Thelo Me Thelis - Mixed,13148.0,1:13,2005-11-09,https://i.scdn.co/image/ab67616d0000b27358a45a966c0c09b8b5371b8d
663,"se thelo, me thelis (mixed)|265","Se Thelo, Me Thelis (Mixed)",1824408.0,4:25,1997-04-16,https://i.scdn.co/image/ab67616d0000b2737e1785e00c2e1ce8aef7bb61
664,se thimame|223,Se Thimame,46270.0,3:43,1997-04-16,https://i.scdn.co/image/ab67616d00001e02e69329448409b803d727719e
665,se zilevo - galleon electro-pop remix (radio edit)|221,Se Zilevo - Galleon Electro-Pop Remix (Radio Edit),3397.0,3:41,2003-06-13,https://i.scdn.co/image/ab67616d00001e02ef61b19303f50a0f77b8fcf7
666,se zilevo|277,Se Zilevo,50500.0,4:37,2002-10-10,https://i.scdn.co/image/ab67616d00001e02b6abec5528a11ae2450385c1
667,sentonia - live version|116,Sentonia - Live Version,100559.0,1:56,2005-01-27,https://i.scdn.co/image/ab67616d00001e021f1ac446c500bab767932f58
668,sentonia|227,Sentonia,1725246.0,3:47,1996-02-29,https://i.scdn.co/image/ab67616d00001e022abb79908fe729496b83a191
669,shizofrenia - live|175,Shizofrenia - Live,17214.0,2:55,2025-12-23,https://i.scdn.co/image/ab67616d00001e0291e1a94d45bd2cc1a0e8e518
670,shizofrenia|245,Shizofrenia,2437099.0,4:05,2000-11-16,https://i.scdn.co/image/ab67616d00001e022f038cc4ad078bf55ed8c2a5
671,siga!|205,Siga!,274141.0,3:25,1997-04-16,https://i.scdn.co/image/ab67616d00001e02e69329448409b803d727719e
672,sigharitiria - live version|151,Sigharitiria - Live Version,204197.0,2:31,2005-01-27,https://i.scdn.co/image/ab67616d00001e021f1ac446c500bab767932f58
673,sigharitiria|309,Sigharitiria,2650484.0,5:09,2002-10-10,https://i.scdn.co/image/ab67616d00001e02b6abec5528a11ae2450385c1
674,siko katse - live version|41,Siko Katse - Live Version,48863.0,0:41,2005-01-27,https://i.scdn.co/image/ab67616d00001e021f1ac446c500bab767932f58
675,skandali|206,Skandali,11808.0,3:26,1988-06-28,https://i.scdn.co/image/ab67616d00001e0235ea6e4b84aab9e468c0b007
676,skepasto|144,Skepasto,62465.0,2:24,1986-04-22,https://i.scdn.co/image/ab67616d00001e0265c697e7b6b91a77ace8b7b2
677,so in love with yourself|212,So In Love With Yourself,12679.0,3:32,2000-06-13,https://i.scdn.co/image/ab67616d00001e0255c69d02a37edefde7c5a8ce
678,sou 'dosa na piis|183,Sou 'Dosa Na Piis,9967.0,3:03,1993-06-01,https://i.scdn.co/image/ab67616d00001e02c176d9198d6a57350aab448a
679,sta '79|184,Sta '79,29527.0,3:04,2025-01-01,https://i.scdn.co/image/ab67616d00001e0289b564940e7d0488251cf51e
680,sta 'dosa ola - live|122,Sta 'Dosa Ola - Live,315159.0,2:02,2021-02-15,https://i.scdn.co/image/ab67616d00001e02354a278f40042aca47e7db91
681,sta chronia tis ypomonis - hotel ermou live version|154,Sta Chronia Tis Ypomonis - Hotel Ermou Live Version,97824.0,2:34,2018-07-23,https://i.scdn.co/image/ab67616d00001e0258a2973daf4f31ec68e53ce9
682,sta evdomida enea|144,Sta Evdomida Enea,60370.0,2:24,1984-03-14,https://i.scdn.co/image/ab67616d0000b273b803cf12dd13b1f481e40319
683,sta evdominta ennea|154,Sta Evdominta Ennea,88487.0,2:34,2019-01-17,https://i.scdn.co/image/ab67616d00001e02f697a1469bd64df980023aac
684,sta hronia tis ipomonis - live|110,Sta hronia tis ipomonis - Live,2811.0,1:50,2017-04-14,https://i.scdn.co/image/ab67616d0000b273ec5c0c825f82a9140a6c3465
685,sta hronia tis ipomonis - live|128,Sta Hronia Tis Ipomonis - Live,16154.0,2:08,1993-12-17,https://i.scdn.co/image/ab67616d00001e0212e44acc3e380f6fa9cd0446
686,sta hronia tis ipomonis|175,Sta Hronia Tis Ipomonis,1189683.0,2:55,1979-10-08,https://i.scdn.co/image/ab67616d00001e020b0cc51415d4ad57f6c6c9d6
687,sta krifa|288,Sta Krifa,39331.0,4:48,2010-12-24,https://i.scdn.co/image/ab67616d00001e02922b24b13893afa0017d0362
688,stagona-stagona|162,Stagona-Stagona,2158.0,2:42,2002-04-26,https://i.scdn.co/image/ab67616d00001e02b8576e13c95219ae8e9a0a18
689,stalia stalia - live|161,Stalia Stalia - Live,18832.0,2:41,1993-12-17,https://i.scdn.co/image/ab67616d00001e0212e44acc3e380f6fa9cd0446
690,sti pira - la bratsa - mila mou vromika|187,Sti Pira - La Bratsa - Mila Mou Vromika,154345.0,3:07,2010-07-12,https://i.scdn.co/image/ab67616d0000b2733930f908a064da1e03d842b0
691,sti pira - live|194,Sti Pira - Live,12091.0,3:14,2025-12-23,https://i.scdn.co/image/ab67616d00001e0291e1a94d45bd2cc1a0e8e518
692,sti pira|100,Sti Pira,17596.0,1:40,2009-12-25,https://i.scdn.co/image/ab67616d0000b273aaeedd302f714fd041d6ce75
693,sti pira|187,Sti Pira,5888556.0,3:07,2008-12-09,https://i.scdn.co/image/ab67616d00001e0293ae850db2b4228fe4977dab
694,still in love with you|231,Still In Love With You,19456.0,3:51,2000-06-13,https://i.scdn.co/image/ab67616d00001e0255c69d02a37edefde7c5a8ce
695,stirixou epano mou|288,Stirixou Epano Mou,33995.0,4:48,2003-12-04,https://i.scdn.co/image/ab67616d00001e02724136a05d2062a661672ba4
696,sto kafenion ellinikon|116,Sto Kafenion Ellinikon,1357.0,1:56,2005-03-31,https://i.scdn.co/image/ab67616d0000b2733a2169fb0e321e09305924f8
697,supernatural love|184,Supernatural Love,616917.0,3:04,2000-06-13,https://i.scdn.co/image/ab67616d00001e0255c69d02a37edefde7c5a8ce
698,synentefxi - hotel ermou live version|277,Synentefxi - Hotel Ermou Live Version,298002.0,4:37,2018-07-23,https://i.scdn.co/image/ab67616d00001e0258a2973daf4f31ec68e53ce9
699,synentefxi|304,Synentefxi,131969.0,5:04,2015-11-30,https://i.scdn.co/image/ab67616d00001e02b0f3e9716968614adad15b00
700,s’ agapo - ax! peristeri mou|218,S’ Agapo - Ax! Peristeri Mou,75518.0,3:38,2025-01-01,https://i.scdn.co/image/ab67616d00001e0289b564940e7d0488251cf51e
701,ta heirotera|313,Ta Heirotera,85470.0,5:13,2019-06-03,https://i.scdn.co/image/ab67616d00001e02322de6a45665a7595525ef6c
702,ta kalitera mas hronia|297,Ta Kalitera Mas Hronia,26988.0,4:57,2005-09-26,https://i.scdn.co/image/ab67616d00001e027378ccb9d3a30519e6335e07
703,ta koritsia ine atakta|184,Ta Koritsia Ine Atakta,50956.0,3:04,1988-06-28,https://i.scdn.co/image/ab67616d00001e0235ea6e4b84aab9e468c0b007
704,ta lefta|310,Ta Lefta,45171.0,5:10,2019-06-03,https://i.scdn.co/image/ab67616d00001e02322de6a45665a7595525ef6c
705,ta mathitika hronia - live|145,Ta Mathitika Hronia - Live,76933.0,2:25,1993-12-17,https://i.scdn.co/image/ab67616d00001e0212e44acc3e380f6fa9cd0446
706,ta mathitika hronia|412,Ta Mathitika Hronia,324503.0,6:52,1988-06-28,https://i.scdn.co/image/ab67616d00001e0235ea6e4b84aab9e468c0b007
707,ta mathitika ta chronia - hotel ermou live version|187,Ta Mathitika Ta Chronia - Hotel Ermou Live Version,233615.0,3:07,2018-07-23,https://i.scdn.co/image/ab67616d00001e0258a2973daf4f31ec68e53ce9
708,ta mathitika ta xronia - live|182,Ta Mathitika Ta Xronia - Live,10229.0,3:02,2025-12-23,https://i.scdn.co/image/ab67616d00001e0291e1a94d45bd2cc1a0e8e518
709,ta mathitika xronia|377,Ta Mathitika Xronia,45809.0,6:17,2025-01-01,https://i.scdn.co/image/ab67616d00001e0289b564940e7d0488251cf51e
710,ta matia ta dika mou|180,Ta Matia Ta Dika Mou,17404.0,2:60,2004-01-01,https://i.scdn.co/image/ab67616d00001e020b0cc51415d4ad57f6c6c9d6
711,ta radiofona|251,Ta Radiofona,67948.0,4:11,2002-10-10,https://i.scdn.co/image/ab67616d00001e02b6abec5528a11ae2450385c1
712,ta rialia - live|133,Ta rialia - Live,8773.0,2:13,2017-04-14,https://i.scdn.co/image/ab67616d0000b273ec5c0c825f82a9140a6c3465
713,ta vivlia agapo|155,Ta Vivlia Agapo,1987.0,2:35,2002-04-26,https://i.scdn.co/image/ab67616d00001e02b8576e13c95219ae8e9a0a18
714,taseis aftoktonias - live|224,Taseis Aftoktonias - Live,22998.0,3:44,2025-12-23,https://i.scdn.co/image/ab67616d00001e0291e1a94d45bd2cc1a0e8e518
715,tasis aftoktonias - the bombay mix|312,Tasis Aftoktonias - The Bombay Mix,3619.0,5:12,2003-06-13,https://i.scdn.co/image/ab67616d00001e02ef61b19303f50a0f77b8fcf7
716,tasis aftoktonias|251,Tasis Aftoktonias,1199842.0,4:11,2002-10-10,https://i.scdn.co/image/ab67616d00001e02b6abec5528a11ae2450385c1
717,telia|277,Telia,17411.0,4:37,2005-09-26,https://i.scdn.co/image/ab67616d00001e027378ccb9d3a30519e6335e07
718,telios erotas|129,Telios Erotas,40181.0,2:09,1989-12-16,https://i.scdn.co/image/ab67616d00001e0259e2ae559dcda970e677d36e
719,tertin tis kartoulas mou|199,Tertin Tis Kartoulas Mou,7645.0,3:19,1995-07-24,https://i.scdn.co/image/ab67616d00001e024d55039ddd94bdc5884066c7
720,tesera tzia tesera|313,Tesera Tzia Tesera,15943.0,5:13,1995-07-24,https://i.scdn.co/image/ab67616d00001e024d55039ddd94bdc5884066c7
721,tha borousa|214,Tha Borousa,39433.0,3:34,2006-04-17,https://i.scdn.co/image/ab67616d00001e028dd233fa8f22c30a04ff74f6
722,tha borousa|221,Tha Borousa,38602.0,3:41,1993-06-01,https://i.scdn.co/image/ab67616d00001e02ad9d12a29e4c0c699380c275
723,tha ekana otidipote|259,Tha Ekana Otidipote,10241.0,4:19,1992-06-04,https://i.scdn.co/image/ab67616d00001e025c6925bf70a4960c8e124d86
724,tha pio apopse to fegari - live version|86,Tha Pio Apopse To Fegari - Live Version,79350.0,1:26,2005-01-27,https://i.scdn.co/image/ab67616d00001e021f1ac446c500bab767932f58
725,thanatos ine i agapi|289,Thanatos Ine I Agapi,70849.0,4:49,1997-04-16,https://i.scdn.co/image/ab67616d00001e02e69329448409b803d727719e
726,thathela kapoios na m' eroteftei|294,Thathela Kapoios Na M' Eroteftei,45381.0,4:54,2019-06-03,https://i.scdn.co/image/ab67616d00001e02322de6a45665a7595525ef6c
727,the only arms we need|231,The Only Arms We Need,7636.0,3:51,2019-01-17,https://i.scdn.co/image/ab67616d00001e028a5c3916e7aac5b71b4c72fe
728,thelo mia agapi - matheo's deep south beat remix|361,Thelo Mia Agapi - Matheo's Deep South Beat Remix,4006.0,6:01,2010-07-12,https://i.scdn.co/image/ab67616d00001e02185811d0c3bb7828c9aee0c1
729,thelo mia agapi|242,Thelo Mia Agapi,59156.0,4:02,2008-12-09,https://i.scdn.co/image/ab67616d00001e0293ae850db2b4228fe4977dab
730,thelo mono esena|154,Thelo Mono Esena,14971.0,2:34,2006-04-17,https://i.scdn.co/image/ab67616d00001e028dd233fa8f22c30a04ff74f6
731,thelo|155,Thelo,5724.0,2:35,2006-03-25,https://i.scdn.co/image/ab67616d00001e02647e75c09a70d541dd9e98d8
732,thema tis vaftissis|151,Thema Tis Vaftissis,2331.0,2:31,2002-04-26,https://i.scdn.co/image/ab67616d00001e02b8576e13c95219ae8e9a0a18
733,thivet|356,Thivet,156667.0,5:56,2000-11-16,https://i.scdn.co/image/ab67616d00001e022f038cc4ad078bf55ed8c2a5
734,ti apomeni|285,Ti Apomeni,32532.0,4:45,2003-12-04,https://i.scdn.co/image/ab67616d00001e02724136a05d2062a661672ba4
735,ti eho na haso|233,Ti Eho Na Haso,17693.0,3:53,1985-01-10,https://i.scdn.co/image/ab67616d00001e025f20f2f63fe64bfe775da003
736,ti me rotas (that certain feeling) - remastered|140,Ti Me Rotas (That Certain Feeling) - Remastered,7745.0,2:20,2006-03-25,https://i.scdn.co/image/ab67616d00001e02844c180f9a5b2bd52918735c
737,ti mou kanis|198,Ti Mou Kanis,16995.0,3:18,1989-12-16,https://i.scdn.co/image/ab67616d00001e0259e2ae559dcda970e677d36e
738,ti na thimitho ti na xehaso - live version|32,Ti Na Thimitho Ti Na Xehaso - Live Version,206749.0,0:32,2005-01-27,https://i.scdn.co/image/ab67616d00001e021f1ac446c500bab767932f58
739,ti ta thelis lipon - remastered|157,Ti Ta Thelis Lipon - Remastered,9202.0,2:37,2006-03-30,https://i.scdn.co/image/ab67616d00001e02ef7a44a6675dfe98f00922c9
740,ti ta thelis lipon|157,Ti Ta Thelis Lipon,2882.0,2:37,1993-06-01,https://i.scdn.co/image/ab67616d00001e02ad9d12a29e4c0c699380c275
741,tifli ebistosini - live version|46,Tifli Ebistosini - Live Version,51524.0,0:46,2005-01-27,https://i.scdn.co/image/ab67616d00001e021f1ac446c500bab767932f58
742,tifli ebistosini - remix|267,Tifli Ebistosini - Remix,24196.0,4:27,2003-06-13,https://i.scdn.co/image/ab67616d00001e02ef61b19303f50a0f77b8fcf7
743,tifli ebistosini|279,Tifli Ebistosini,53399.0,4:39,2002-10-10,https://i.scdn.co/image/ab67616d00001e02b6abec5528a11ae2450385c1
744,tilefonaki|266,Tilefonaki,31703.0,4:26,1998-04-01,https://i.scdn.co/image/ab67616d00001e02ef7de8aeb8507a7c7990668f
745,tilirkiotisa - live|151,Tilirkiotisa - Live,4429.0,2:31,2017-04-14,https://i.scdn.co/image/ab67616d0000b273ec5c0c825f82a9140a6c3465
746,tis psyhis ta antisomata|255,Tis Psyhis Ta Antisomata,50468.0,4:15,2015-11-30,https://i.scdn.co/image/ab67616d00001e02b0f3e9716968614adad15b00
747,to allo mou ego|261,To Allo Mou Ego,11512.0,4:21,1995-09-18,https://i.scdn.co/image/ab67616d00001e029b1659f5770ea89cfad1f157
748,to apolyto keno - 2015 version|278,To Apolyto Keno - 2015 Version,49615.0,4:38,2015-09-21,https://i.scdn.co/image/ab67616d00001e027de876f2babcdc595a5ae0ed
749,to apolyto keno - hotel ermou live version|264,To Apolyto Keno - Hotel Ermou Live Version,424653.0,4:24,2018-07-23,https://i.scdn.co/image/ab67616d00001e0258a2973daf4f31ec68e53ce9
750,to giasemi|244,To Giasemi,53137.0,4:04,2025-01-01,https://i.scdn.co/image/ab67616d00001e0289b564940e7d0488251cf51e
751,to giasemi|253,To Giasemi,39613.0,4:13,1995-07-24,https://i.scdn.co/image/ab67616d00001e024d55039ddd94bdc5884066c7
752,to katalaves?|231,To Katalaves?,73988.0,3:51,1997-04-16,https://i.scdn.co/image/ab67616d00001e02e69329448409b803d727719e
753,to megalitero souxe|192,To Megalitero Souxe,368116.0,3:12,1997-04-16,https://i.scdn.co/image/ab67616d00001e02e69329448409b803d727719e
754,to palio t' aeroplano|177,To Palio T' Aeroplano,5873.0,2:57,1980-04-01,https://i.scdn.co/image/ab67616d00001e02e8d377f49f51cfaf01a7a613
755,to pallikari|196,To Pallikari,12769.0,3:16,1974-05-16,https://i.scdn.co/image/ab67616d00001e020b0cc51415d4ad57f6c6c9d6
756,to parelthon mou|212,To Parelthon Mou,206344.0,3:32,2008-12-09,https://i.scdn.co/image/ab67616d00001e0293ae850db2b4228fe4977dab
757,to poli poli|266,To Poli Poli,4023517.0,4:26,2000-11-16,https://i.scdn.co/image/ab67616d00001e022f038cc4ad078bf55ed8c2a5
758,to tali bo|209,To Tali Bo,4632.0,3:29,2006-03-25,https://i.scdn.co/image/ab67616d00001e02647e75c09a70d541dd9e98d8
759,to telefteo tsigaro|294,To Telefteo Tsigaro,68293.0,4:54,2000-11-16,https://i.scdn.co/image/ab67616d00001e022f038cc4ad078bf55ed8c2a5
760,to tragoudi tou gamou|256,To Tragoudi Tou Gamou,12915.0,4:16,1995-07-24,https://i.scdn.co/image/ab67616d00001e024d55039ddd94bdc5884066c7
761,to xero tha 'rthis xana (woman in love) - remastered|241,To Xero Tha 'Rthis Xana (Woman In Love) - Remastered,58242.0,4:01,2006-03-25,https://i.scdn.co/image/ab67616d00001e02844c180f9a5b2bd52918735c
762,to xero tha 'rthis xana (woman in love)|240,To Xero Tha 'rthis Xana (Woman In Love),58242.0,3:60,1993-06-01,https://i.scdn.co/image/ab67616d00001e020b0cc51415d4ad57f6c6c9d6
763,tora - hotel ermou live version|167,Tora - Hotel Ermou Live Version,307352.0,2:47,2018-07-23,https://i.scdn.co/image/ab67616d00001e0258a2973daf4f31ec68e53ce9
764,tora|177,Tora,4002.0,2:57,1982-12-17,https://i.scdn.co/image/ab67616d00001e02d88d7bedbfbd881b07f3f89f
765,tora|200,Tora,108083.0,3:20,1988-06-28,https://i.scdn.co/image/ab67616d00001e0235ea6e4b84aab9e468c0b007
766,tote tha figo - remastered|161,Tote Tha Figo - Remastered,8842.0,2:41,2006-03-30,https://i.scdn.co/image/ab67616d00001e02ef7a44a6675dfe98f00922c9
767,tote tha figo|160,Tote Tha Figo,1721.0,2:40,1993-06-01,https://i.scdn.co/image/ab67616d00001e02ad9d12a29e4c0c699380c275
768,tou agoriou apenadi - live|114,Tou Agoriou Apenadi - Live,50651.0,1:54,1993-12-17,https://i.scdn.co/image/ab67616d00001e0212e44acc3e380f6fa9cd0446
769,tou theou i dialegmeni|242,Tou Theou I Dialegmeni,2400.0,4:02,2002-04-26,https://i.scdn.co/image/ab67616d00001e02b8576e13c95219ae8e9a0a18
770,toumpa|206,Toumpa,46945.0,3:26,2015-11-30,https://i.scdn.co/image/ab67616d00001e02b0f3e9716968614adad15b00
771,travma - hotel ermou live version|295,Travma - Hotel Ermou Live Version,246227.0,4:55,2018-07-23,https://i.scdn.co/image/ab67616d00001e0258a2973daf4f31ec68e53ce9
772,travma - live version|340,Travma - Live Version,79937.0,5:40,2005-01-27,https://i.scdn.co/image/ab67616d00001e021f1ac446c500bab767932f58
773,travma - live|304,Travma - Live,10634.0,5:04,2025-12-23,https://i.scdn.co/image/ab67616d00001e0291e1a94d45bd2cc1a0e8e518
774,travma|271,Travma,850345.0,4:31,1997-04-16,https://i.scdn.co/image/ab67616d00001e02e69329448409b803d727719e
775,trelenome - live|244,Trelenome - Live,14352.0,4:04,2025-12-23,https://i.scdn.co/image/ab67616d00001e0291e1a94d45bd2cc1a0e8e518
776,trelenome|235,Trelenome,522487.0,3:55,1996-02-29,https://i.scdn.co/image/ab67616d00001e022abb79908fe729496b83a191
777,treno - hotel ermou live version|149,Treno - Hotel Ermou Live Version,710871.0,2:29,2018-07-23,https://i.scdn.co/image/ab67616d00001e0258a2973daf4f31ec68e53ce9
778,treno - live version|330,Treno - Live Version,646056.0,5:30,2005-01-27,https://i.scdn.co/image/ab67616d00001e021f1ac446c500bab767932f58
779,treno - live|236,Treno - Live,12491.0,3:56,2025-12-23,https://i.scdn.co/image/ab67616d00001e0291e1a94d45bd2cc1a0e8e518
780,treno - mixed|131,Treno - Mixed,19412.0,2:11,2005-11-09,https://i.scdn.co/image/ab67616d0000b27358a45a966c0c09b8b5371b8d
781,treno|289,Treno,3930501.0,4:49,2003-12-04,https://i.scdn.co/image/ab67616d00001e02724136a05d2062a661672ba4
782,triada ke vale|317,Triada Ke Vale,19933.0,5:17,1995-09-18,https://i.scdn.co/image/ab67616d00001e029b1659f5770ea89cfad1f157
783,triplos kafes|191,Triplos Kafes,129196.0,3:11,2015-11-30,https://i.scdn.co/image/ab67616d00001e02b0f3e9716968614adad15b00
784,tromagmeno mou|191,Tromagmeno Mou,53738.0,3:11,2020-09-21,https://i.scdn.co/image/ab67616d00001e02e6ccd0e9247b96c74225deba
785,tyraniemai - alex leon club mix|338,Tyraniemai - Alex Leon Club Mix,17003.0,5:38,2012-09-21,https://i.scdn.co/image/ab67616d00001e02ac27fc262e5cdd00e529ea9a
786,tyraniemai|240,Tyraniemai,2187549.0,4:00,2012-06-11,https://i.scdn.co/image/ab67616d00001e0220a5bdab0e7d4b31ec3d8fe6
787,umbrella|267,Umbrella,33058.0,4:27,2010-12-24,https://i.scdn.co/image/ab67616d00001e02922b24b13893afa0017d0362
788,vampir|249,Vampir,34157.0,4:09,2010-12-24,https://i.scdn.co/image/ab67616d00001e02922b24b13893afa0017d0362
789,vaterlo - live version|157,Vaterlo - Live Version,72813.0,2:37,2005-01-27,https://i.scdn.co/image/ab67616d00001e021f1ac446c500bab767932f58
790,vaterlo - live version|243,Vaterlo - Live Version,256431.0,4:03,2005-01-27,https://i.scdn.co/image/ab67616d00001e021f1ac446c500bab767932f58
791,vaterlo - live|199,Vaterlo - Live,18369.0,3:19,2025-12-23,https://i.scdn.co/image/ab67616d00001e0291e1a94d45bd2cc1a0e8e518
792,vaterlo - mixed|31,Vaterlo - Mixed,15970.0,0:31,2005-11-09,https://i.scdn.co/image/ab67616d0000b27358a45a966c0c09b8b5371b8d
793,vaterlo|238,Vaterlo,1573685.0,3:58,2003-12-04,https://i.scdn.co/image/ab67616d00001e02724136a05d2062a661672ba4
794,velos|202,Velos,41290.0,3:22,2003-12-04,https://i.scdn.co/image/ab67616d00001e02724136a05d2062a661672ba4
795,venetia|302,Venetia,38323.0,5:02,2025-01-01,https://i.scdn.co/image/ab67616d00001e0289b564940e7d0488251cf51e
796,venetia|350,Venetia,40009.0,5:50,2005-09-26,https://i.scdn.co/image/ab67616d00001e027378ccb9d3a30519e6335e07
797,venzini|239,Venzini,34789.0,3:59,2012-08-31,https://i.scdn.co/image/ab67616d00001e022f591616a391a78c20657c7a
798,veranta|326,Veranta,56489.0,5:26,2015-11-30,https://i.scdn.co/image/ab67616d00001e02b0f3e9716968614adad15b00
799,voithia|203,Voithia,9761.0,3:23,1989-12-16,https://i.scdn.co/image/ab67616d00001e0259e2ae559dcda970e677d36e
800,vre kouto (with anna vissi)|228,Vre Kouto (with Anna Vissi),226344.0,3:48,2002-11-12,https://i.scdn.co/image/ab67616d0000b273f83a49797c10cfa1efc653cb
801,vre kouto|231,Vre Kouto,226624.0,3:51,2019-01-17,https://i.scdn.co/image/ab67616d00001e02f697a1469bd64df980023aac
802,vres ton tropo|217,Vres Ton Tropo,18350.0,3:37,2002-02-04,https://i.scdn.co/image/ab67616d00001e020b0cc51415d4ad57f6c6c9d6
803,way out|285,Way Out,13896.0,4:45,2000-06-13,https://i.scdn.co/image/ab67616d00001e0255c69d02a37edefde7c5a8ce
804,welcome to the party|181,Welcome To The Party,13222.0,3:01,2006-04-27,https://i.scdn.co/image/ab67616d00001e025f53fb746df6aa43779c809e
805,who cares about love|185,Who Cares About Love,41280.0,3:05,2006-04-27,https://i.scdn.co/image/ab67616d00001e025f53fb746df6aa43779c809e
806,why why|278,Why Why,40329.0,4:38,1985-01-01,https://i.scdn.co/image/ab67616d00001e029220f9893ae003ae8ab87bb3
807,x - soumka mix|300,X - Soumka Mix,3887.0,5:00,2003-06-13,https://i.scdn.co/image/ab67616d00001e02ef61b19303f50a0f77b8fcf7
808,xafnika|267,Xafnika,48203.0,4:27,2003-12-04,https://i.scdn.co/image/ab67616d00001e02724136a05d2062a661672ba4
809,xana mana - hotel ermou live version|307,Xana Mana - Hotel Ermou Live Version,277688.0,5:07,2018-07-23,https://i.scdn.co/image/ab67616d00001e0258a2973daf4f31ec68e53ce9
810,xana mana - live|297,Xana Mana - Live,4321.0,4:57,2021-12-23,https://i.scdn.co/image/ab67616d0000b2736c83417ea148daf1ae5f7b0a
811,xana mana - live|301,Xana Mana - Live,12254.0,5:01,2025-12-23,https://i.scdn.co/image/ab67616d00001e0291e1a94d45bd2cc1a0e8e518
812,xana mana|149,Xana Mana,4013.0,2:29,2019-09-01,https://i.scdn.co/image/ab67616d0000b2730f4e0734ebe1dfd3e693a83b
813,xana mana|293,Xana Mana,2346513.0,4:53,2015-11-30,https://i.scdn.co/image/ab67616d00001e02b0f3e9716968614adad15b00
814,xanagirisa|191,Xanagirisa,47383.0,3:11,1989-12-16,https://i.scdn.co/image/ab67616d00001e0259e2ae559dcda970e677d36e
815,xanagirna|205,Xanagirna,9001.0,3:25,1992-12-24,https://i.scdn.co/image/ab67616d00001e02ec8882aba54284ba0cf8e1fd
816,xanazo|203,Xanazo,11376.0,3:23,2004-01-01,https://i.scdn.co/image/ab67616d00001e020b0cc51415d4ad57f6c6c9d6
817,xehase me (la boheme)|186,Xehase Me (La Boheme),42226.0,3:06,2006-04-17,https://i.scdn.co/image/ab67616d00001e028dd233fa8f22c30a04ff74f6
818,xehnas|188,Xehnas,15113.0,3:08,1991-02-14,https://i.scdn.co/image/ab67616d00001e0294e085b2ede4f62a20f60820
819,xronia polla - live|150,Xronia Polla - Live,39291.0,2:30,2021-12-23,https://i.scdn.co/image/ab67616d0000b2736c83417ea148daf1ae5f7b0a
820,xrysopsara - display & tony fragment remix|215,Xrysopsara - Display & Tony Fragment Remix,160118.0,3:35,2024-07-15,https://i.scdn.co/image/ab67616d00001e02c50c75953790a5c01c6a674a
821,xrysopsara|234,Xrysopsara,2178032.0,3:54,2024-05-17,https://i.scdn.co/image/ab67616d00001e0225f421c6d59fc75c96b58108
822,x|292,X,86265.0,4:52,2002-10-10,https://i.scdn.co/image/ab67616d00001e02b6abec5528a11ae2450385c1
823,zavarakatranemia - live|228,Zavarakatranemia - Live,8833.0,3:48,2017-04-14,https://i.scdn.co/image/ab67616d0000b273ec5c0c825f82a9140a6c3465
824,zoi na ehoume|179,Zoi Na Ehoume,18913.0,2:59,1984-03-14,https://i.scdn.co/image/ab67616d00001e02748dabd792ec65b630b3015e
825,zoi sinehizete|222,Zoi Sinehizete,8922.0,3:42,1991-02-14,https://i.scdn.co/image/ab67616d00001e0294e085b2ede4f62a20f60820
